run,split,calibrated,n,accuracy,macro_f1,nll,brier_sum_classes,ece_toplabel_15bins,temperature,accuracy_ci_low,accuracy_ci_high
last_linear_seed17,test_matched,False,600,0.8766666666666667,0.8775112404337143,0.3345032867798737,0.18337226735735626,0.029845822759145293,1.0,0.8518954747823776,0.9021764498472078
last_linear_seed17,test_matched,True,600,0.8766666666666667,0.8775112404337143,0.3391813801468577,0.18542416548591764,0.038019650335761906,1.1441454179902166,0.8518954747823776,0.9021764498472078
last_linear_seed17,test_mismatched,False,600,0.8733333333333333,0.87276483715784,0.3175367224961489,0.18011709083457367,0.031056569913358593,1.0,0.8429340148854557,0.9006155778894472
last_linear_seed17,test_mismatched,True,600,0.8733333333333333,0.87276483715784,0.32333915153211196,0.18177283920008808,0.03978498214439286,1.1441454179902166,0.8429340148854557,0.9006155778894472
last_mlp_seed17,test_matched,False,600,0.8783333333333333,0.8787084505670809,0.32912671328450244,0.18028281338107127,0.02764177580281038,1.0,0.8524146108418617,0.9027812864494944
last_mlp_seed17,test_matched,True,600,0.8783333333333333,0.8787084505670809,0.33606100647866544,0.18354302498073036,0.04715418303089229,1.1994145950138033,0.8524146108418617,0.9027812864494944
last_mlp_seed17,test_mismatched,False,600,0.8866666666666667,0.8856068807135902,0.2987055899346285,0.17204259442063244,0.02327491437583004,1.0,0.8582091680578742,0.9116666666666666
last_mlp_seed17,test_mismatched,True,600,0.8866666666666667,0.8856068807135902,0.3070780272924916,0.17413856194082356,0.03619572372909422,1.1994145950138033,0.8582091680578742,0.9116666666666666
mean_linear_seed17,test_matched,False,600,0.7466666666666667,0.7464719967518586,0.601812834380122,0.34601599263077115,0.030202569434575405,1.0,0.7105782560042757,0.7816742659849244
mean_linear_seed17,test_matched,True,600,0.7466666666666667,0.7464719967518586,0.6048169373894188,0.34690398087402413,0.04303078076481959,0.9447238167248093,0.7105782560042757,0.7816742659849244
mean_linear_seed17,test_mismatched,False,600,0.7633333333333333,0.7634093830987273,0.5742556762760789,0.32806064997803247,0.033206293528092366,1.0,0.7307297987424838,0.7967246663089954
mean_linear_seed17,test_mismatched,True,600,0.7633333333333333,0.7634093830987273,0.57791078657378,0.3293137288891645,0.04924731366690494,0.9447238167248093,0.7307297987424838,0.7967246663089954
mean_mlp_seed17,test_matched,False,600,0.7533333333333333,0.7542548704851558,0.6049576557634064,0.3499021185225076,0.06655142814772391,1.0,0.7137983802288186,0.7866712966178206
mean_mlp_seed17,test_matched,True,600,0.7533333333333333,0.7542548704851558,0.59522929755469,0.34698392025929214,0.05847203670393694,1.244537445517814,0.7137983802288186,0.7866712966178206
mean_mlp_seed17,test_mismatched,False,600,0.7616666666666667,0.7623925636960126,0.5741367266898167,0.3341877413468467,0.04945931033214826,1.0,0.7274247491638796,0.7943391320987039
mean_mlp_seed17,test_mismatched,True,600,0.7616666666666667,0.7623925636960126,0.5642609744044061,0.32995934826729667,0.02523816664951423,1.244537445517814,0.7274247491638796,0.7943391320987039
max_linear_seed17,test_matched,False,600,0.8483333333333334,0.8491591239581319,0.3920991894870872,0.2171445705094042,0.02843729248364836,1.0,0.8208699985414946,0.8769912545590023
max_linear_seed17,test_matched,True,600,0.8483333333333334,0.8491591239581319,0.3920060995536747,0.21708957986403007,0.02276213952842417,0.9737940908558179,0.8208699985414946,0.8769912545590023
max_linear_seed17,test_mismatched,False,600,0.8533333333333334,0.8546656421202686,0.364696901402493,0.21180072536109965,0.020018923155260618,1.0,0.82365625,0.8789664422983123
max_linear_seed17,test_mismatched,True,600,0.8533333333333334,0.8546656421202686,0.3644474474085183,0.21194877189248237,0.02489145245951241,0.9737940908558179,0.82365625,0.8789664422983123
max_mlp_seed17,test_matched,False,600,0.86,0.8618587429147769,0.3736449178105877,0.2092506908893567,0.030853856644561712,1.0,0.8312584149745499,0.8858608655188459
max_mlp_seed17,test_matched,True,600,0.86,0.8618587429147769,0.37451819829473654,0.20966140212405557,0.03662496224213634,1.0292500147670973,0.8312584149745499,0.8858608655188459
max_mlp_seed17,test_mismatched,False,600,0.865,0.8658336903604352,0.358732310760677,0.20534708185006023,0.022298758034613,1.0,0.8347124668316721,0.8942109159099881
max_mlp_seed17,test_mismatched,True,600,0.865,0.8658336903604352,0.35913494032059085,0.20548828180589085,0.02280377547133706,1.0292500147670973,0.8347124668316721,0.8942109159099881
attention_mlp_seed17,test_matched,False,600,0.86,0.8609485723137819,0.3533515835198392,0.20239353305863894,0.03030518966045035,1.0,0.8312282509996785,0.8879865702479338
attention_mlp_seed17,test_matched,True,600,0.86,0.8609485723137819,0.35909412860743556,0.2041499775583235,0.04742932961196666,1.0852780305161793,0.8312282509996785,0.8879865702479338
attention_mlp_seed17,test_mismatched,False,600,0.8483333333333334,0.8478808949486658,0.3520335701699841,0.2076688762909178,0.022817355029276076,1.0,0.819929292929293,0.8749008764607679
attention_mlp_seed17,test_mismatched,True,600,0.8483333333333334,0.8478808949486658,0.35653649920546443,0.20861202680892765,0.03894816314676911,1.0852780305161793,0.819929292929293,0.8749008764607679
train_prior,test_matched,False,600,0.33166666666666667,0.16604088443888193,1.099548789898341,0.6672854936323355,0.010405742821473163,1.0,0.2950791498747865,0.36672134696025666
train_prior,test_matched,True,600,0.33166666666666667,0.16604088443888193,1.0995152512097988,0.6672634519408659,0.010151868126733021,1.0297996046535425,0.2950791498747865,0.36672134696025666
train_prior,test_mismatched,False,600,0.33,0.16541353383458646,1.099237695279858,0.6670815818553899,0.012072409488139813,1.0,0.2901424351487165,0.3704026701119724
train_prior,test_mismatched,True,600,0.33,0.16541353383458646,1.0992131588249527,0.6670653422830126,0.011818534793399671,1.0297996046535425,0.2901424351487165,0.3704026701119724
untuned_finite_code,test_matched,False,600,0.7883333333333333,0.7919060349621768,0.5108310134079875,0.3028318800945455,0.03449009004378328,1.0,0.7557914925585935,0.8203264762280751
untuned_finite_code,test_matched,True,600,0.7883333333333333,0.7919060349621768,0.5122122589267069,0.3020824979386503,0.031892906092679196,1.080588521605754,0.7557914925585935,0.8203264762280751
untuned_finite_code,test_mismatched,False,600,0.815,0.818849826821273,0.49652148208366026,0.28103449836080896,0.039713986240631854,1.0,0.7846410684474123,0.8453947368421053
untuned_finite_code,test_mismatched,True,600,0.815,0.818849826821273,0.4988384190555697,0.2818016175289835,0.046324293951404444,1.080588521605754,0.7846410684474123,0.8453947368421053
