review_id,partition,state_id,question_id,state_text_sha256,char_start,char_end,short_exact_anchor,status,provenance
ok4e2_d028985da8e1da5c,policy_development,qasper:train:1907.00455,qasper:train:1907.00455:fbe22e133fa919f06abd8afbed3395af51d2bfef,422e0f59f39edf89b8384e0168a31c5e11349da422ef66f2c0239084f2d4ade2,558,629,"sharing of its second-order term, referred to as the intermediate state",candidate_span_not_gold_evidence,frozen_qasper_state_text
ok4e2_02a83790d9770e0a,policy_development,qasper:validation:1701.05574,qasper:validation:1701.05574:22732cb9476e521452bf0538f3fdb94cf3867651,a4ff9f499288cb147143807b769877e62b1f3b68a60dc8cab64115f613b7a50d,14536,14589,"lexical,implicit incongruity and explicit incongruity",candidate_span_not_gold_evidence,frozen_qasper_state_text
ok4e2_02a83790d9770e0a,policy_development,qasper:validation:1701.05574,qasper:validation:1701.05574:22732cb9476e521452bf0538f3fdb94cf3867651,a4ff9f499288cb147143807b769877e62b1f3b68a60dc8cab64115f613b7a50d,14876,14914,readability and word count of the text,candidate_span_not_gold_evidence,frozen_qasper_state_text
ok4e2_f810e03cf231c09f,policy_development,qasper:validation:1701.05574,qasper:validation:1701.05574:4e748cb2b5e74d905d9b24b53be6cfdf326e8054,a4ff9f499288cb147143807b769877e62b1f3b68a60dc8cab64115f613b7a50d,4342,4373,Unigrams and Pragmatic features,candidate_span_not_gold_evidence,frozen_qasper_state_text
ok4e2_f810e03cf231c09f,policy_development,qasper:validation:1701.05574,qasper:validation:1701.05574:4e748cb2b5e74d905d9b24b53be6cfdf326e8054,a4ff9f499288cb147143807b769877e62b1f3b68a60dc8cab64115f613b7a50d,4416,4488,Stylistic patterns BIBREF4 and patterns related to situational disparity,candidate_span_not_gold_evidence,frozen_qasper_state_text
ok4e2_f810e03cf231c09f,policy_development,qasper:validation:1701.05574,qasper:validation:1701.05574:4e748cb2b5e74d905d9b24b53be6cfdf326e8054,a4ff9f499288cb147143807b769877e62b1f3b68a60dc8cab64115f613b7a50d,4505,4527,Hastag interpretations,candidate_span_not_gold_evidence,frozen_qasper_state_text
ok4e2_5ebfa3821daae755,policy_development,qasper:validation:1706.01678,qasper:validation:1706.01678:0767ca8ff1424f7a811222ca108a33b6411aaa8a,c59a5cd80cffbccac1598dc9476d1e9d86f7646941297ecc2b7c1b37611b8830,17818,17868,out-perform our Lead-1-AMR baseline by 0.3 ROGUE-1,candidate_span_not_gold_evidence,frozen_qasper_state_text
ok4e2_59ecbec749bd0dc5,policy_development,qasper:validation:1802.00396,qasper:validation:1802.00396:003d6f9722ddc2ee13e879fefafc315fb8e87cb9,a4686ddb5490ae40255d69d09076f1c41c5982ff806c66c697a0286bfa693c38,46329,46387,contains all states who voted and delivered a GD statement,candidate_span_not_gold_evidence,frozen_qasper_state_text
ok4e2_e5ecb3990e0484a7,policy_development,qasper:validation:1910.05603,qasper:validation:1910.05603:ceb4bac1f6c506b5dab37607354530faee02ccac,96e614552726962e41a3e45e11ed37d48e8ff3d069a1d442104a69f987a15c5e,810,868,4.85% WER on the VLSP 2018 and 15.09% WER on the VLSP 2019,candidate_span_not_gold_evidence,frozen_qasper_state_text
ok4e2_32a61ef8b3e30284,policy_development,qasper:validation:1601.02403,qasper:validation:1601.02403:206739417251064b910ae9e5ff096e867ee10fb8,a4fccd20bd82e0f3b405e6a1ab3d68ee284a8082cc2185d78bddd7e1f52422a7,45837,45883,Rebuttal is a statement that attacks the claim,candidate_span_not_gold_evidence,frozen_qasper_state_text
ok4e2_32a61ef8b3e30284,policy_development,qasper:validation:1601.02403,qasper:validation:1601.02403:206739417251064b910ae9e5ff096e867ee10fb8,a4fccd20bd82e0f3b405e6a1ab3d68ee284a8082cc2185d78bddd7e1f52422a7,46111,46164,refutation – which is used for attacking the rebuttal,candidate_span_not_gold_evidence,frozen_qasper_state_text
ok4e2_32a61ef8b3e30284,policy_development,qasper:validation:1601.02403,qasper:validation:1601.02403:206739417251064b910ae9e5ff096e867ee10fb8,a4fccd20bd82e0f3b405e6a1ab3d68ee284a8082cc2185d78bddd7e1f52422a7,48549,48603,backing as an additional support to the whole argument,candidate_span_not_gold_evidence,frozen_qasper_state_text
