mode,panel,family,strategy,head,messages,episodes,accuracy,nll,brier_sum_classes,none_recall,answerable_accuracy,false_none_when_present
fp32_strict_math,fresh,banking_seen,full_sequential,frozen_global,32,128,0.453125,1.8243354544267263,0.7075291902090519,0.09375,0.8125,0.015625
fp32_strict_math,fresh,banking_seen,full_sequential,refit_global,32,128,0.6484375,1.0459205734702997,0.5041845582108676,0.625,0.671875,0.1875
fp32_strict_math,fresh,banking_seen,full_sequential,set_linear,32,128,0.6953125,0.882060108099423,0.4439705189697819,0.6875,0.703125,0.15625
fp32_strict_math,fresh,banking_seen,full_batch4,frozen_global,4,16,0.375,2.969258272561419,0.913915164643099,0.125,0.625,0.0
fp32_strict_math,fresh,banking_seen,full_batch4,refit_global,4,16,0.5,2.2549783966829517,0.8023106251210754,0.625,0.375,0.25
fp32_strict_math,fresh,banking_seen,full_batch4,set_linear,4,16,0.5625,1.9439144059471027,0.7452254086115875,0.625,0.5,0.125
fp32_strict_math,fresh,banking_seen,shared_lossless,frozen_global,4,16,0.375,2.969260133786249,0.9139139189784043,0.125,0.625,0.0
fp32_strict_math,fresh,banking_seen,shared_lossless,refit_global,4,16,0.5,2.254978211845518,0.8023084529665228,0.625,0.375,0.25
fp32_strict_math,fresh,banking_seen,shared_lossless,set_linear,4,16,0.5625,1.9439136175618925,0.7452235527141915,0.625,0.5,0.125
fp32_strict_math,fresh,banking_seen,shared_kv_fp16,frozen_global,4,16,0.375,2.969202721757168,0.9139477635859196,0.125,0.625,0.0
fp32_strict_math,fresh,banking_seen,shared_kv_fp16,refit_global,4,16,0.5,2.254668558196932,0.8021813804138986,0.625,0.375,0.25
fp32_strict_math,fresh,banking_seen,shared_kv_fp16,set_linear,4,16,0.5625,1.9436282888610366,0.7451502239816037,0.625,0.5,0.125
fp32_strict_math,fresh,banking_unseen,full_sequential,frozen_global,32,128,0.515625,1.4742893512949973,0.6412429243077333,0.125,0.90625,0.0
fp32_strict_math,fresh,banking_unseen,full_sequential,refit_global,32,128,0.7734375,0.7042788800782499,0.35878653531606775,0.6875,0.859375,0.109375
fp32_strict_math,fresh,banking_unseen,full_sequential,set_linear,32,128,0.7578125,0.6471077570491656,0.342388773484162,0.6875,0.828125,0.140625
fp32_strict_math,fresh,banking_unseen,full_batch4,frozen_global,4,16,0.5625,0.9459456945410296,0.5084842047849232,0.125,1.0,0.0
fp32_strict_math,fresh,banking_unseen,full_batch4,refit_global,4,16,1.0,0.22684128175548848,0.09923243679584015,1.0,1.0,0.0
fp32_strict_math,fresh,banking_unseen,full_batch4,set_linear,4,16,0.875,0.2728014068068795,0.13092975886364785,0.75,1.0,0.0
fp32_strict_math,fresh,banking_unseen,shared_lossless,frozen_global,4,16,0.5625,0.9459476599098071,0.5084853071989159,0.125,1.0,0.0
fp32_strict_math,fresh,banking_unseen,shared_lossless,refit_global,4,16,1.0,0.22684198897073635,0.09923291653853061,1.0,1.0,0.0
fp32_strict_math,fresh,banking_unseen,shared_lossless,set_linear,4,16,0.875,0.2728019273389622,0.13093028946025392,0.75,1.0,0.0
fp32_strict_math,fresh,banking_unseen,shared_kv_fp16,frozen_global,4,16,0.5625,0.9464539891145403,0.5086876031079891,0.125,1.0,0.0
fp32_strict_math,fresh,banking_unseen,shared_kv_fp16,refit_global,4,16,1.0,0.22705448539956716,0.09938779070120705,1.0,1.0,0.0
fp32_strict_math,fresh,banking_unseen,shared_kv_fp16,set_linear,4,16,0.875,0.27293789576872285,0.13103457101335178,0.75,1.0,0.0
fp32_strict_math,fresh,clinc_nonbank,full_sequential,frozen_global,32,128,0.4921875,2.6242954772340785,0.7511893251164841,0.015625,0.96875,0.0
fp32_strict_math,fresh,clinc_nonbank,full_sequential,refit_global,32,128,0.625,1.512600793287488,0.5851459840296966,0.28125,0.96875,0.0
fp32_strict_math,fresh,clinc_nonbank,full_sequential,set_linear,32,128,0.6640625,1.0366414917530915,0.48699016911689486,0.390625,0.9375,0.03125
fp32_strict_math,fresh,clinc_nonbank,full_batch4,frozen_global,4,16,0.5,3.27071272834508,0.7572166893134131,0.0,1.0,0.0
fp32_strict_math,fresh,clinc_nonbank,full_batch4,refit_global,4,16,0.5,2.0681729794664596,0.6732822236144147,0.0,1.0,0.0
fp32_strict_math,fresh,clinc_nonbank,full_batch4,set_linear,4,16,0.625,1.3713880669986906,0.5450668130917231,0.25,1.0,0.0
fp32_strict_math,fresh,clinc_nonbank,shared_lossless,frozen_global,4,16,0.5,3.2707139424045635,0.7572159598223058,0.0,1.0,0.0
fp32_strict_math,fresh,clinc_nonbank,shared_lossless,refit_global,4,16,0.5,2.06817409548582,0.673281768411812,0.0,1.0,0.0
fp32_strict_math,fresh,clinc_nonbank,shared_lossless,set_linear,4,16,0.625,1.371387968621023,0.5450663665064416,0.25,1.0,0.0
fp32_strict_math,fresh,clinc_nonbank,shared_kv_fp16,frozen_global,4,16,0.5,3.2712368026671252,0.7572322786671609,0.0,1.0,0.0
fp32_strict_math,fresh,clinc_nonbank,shared_kv_fp16,refit_global,4,16,0.5,2.068652832444565,0.6733846183726702,0.0,1.0,0.0
fp32_strict_math,fresh,clinc_nonbank,shared_kv_fp16,set_linear,4,16,0.625,1.3715069868820058,0.5451514085211484,0.25,1.0,0.0
fp32_strict_math,fresh,clinc_oos,full_sequential,frozen_global,16,32,0.0,4.225250225108887,1.3505797757979172,0.0,,
fp32_strict_math,fresh,clinc_oos,full_sequential,refit_global,16,32,0.25,2.047856069191179,0.9298537533443028,0.25,,
fp32_strict_math,fresh,clinc_oos,full_sequential,set_linear,16,32,0.46875,1.3384575131464362,0.7291575190182231,0.46875,,
fp32_strict_math,fresh,clinc_oos,full_batch4,frozen_global,4,8,0.0,4.000941337914345,1.3771454446957228,0.0,,
fp32_strict_math,fresh,clinc_oos,full_batch4,refit_global,4,8,0.375,1.874630372239922,0.9091542708003174,0.375,,
fp32_strict_math,fresh,clinc_oos,full_batch4,set_linear,4,8,0.375,1.286996007449307,0.7483415295931957,0.375,,
fp32_strict_math,fresh,clinc_oos,shared_lossless,frozen_global,4,8,0.0,4.000938273221054,1.3771446715891285,0.0,,
fp32_strict_math,fresh,clinc_oos,shared_lossless,refit_global,4,8,0.375,1.8746261149373955,0.9091530812521631,0.375,,
fp32_strict_math,fresh,clinc_oos,shared_lossless,set_linear,4,8,0.375,1.2869919871895972,0.7483396062154235,0.375,,
fp32_strict_math,fresh,clinc_oos,shared_kv_fp16,frozen_global,4,8,0.0,4.002237523544615,1.3773234349654881,0.0,,
fp32_strict_math,fresh,clinc_oos,shared_kv_fp16,refit_global,4,8,0.375,1.8757380035749884,0.9095040383192543,0.375,,
fp32_strict_math,fresh,clinc_oos,shared_kv_fp16,set_linear,4,8,0.375,1.2876433697343885,0.7486856893328006,0.375,,
fp32_strict_math,context,banking_seen,full_sequential,frozen_global,2,24,0.75,0.5757375882763314,0.29886411872248536,0.5,1.0,0.0
fp32_strict_math,context,banking_seen,full_sequential,refit_global,2,24,0.9583333333333334,0.16859406475284755,0.07191683086341773,0.9166666666666666,1.0,0.0
fp32_strict_math,context,banking_seen,full_sequential,set_linear,2,24,0.9583333333333334,0.2413203864969994,0.11130755760799504,0.9166666666666666,1.0,0.0
fp32_strict_math,context,banking_seen,full_batch4,frozen_global,2,24,0.75,0.5757299236764978,0.2988611777466486,0.5,1.0,0.0
fp32_strict_math,context,banking_seen,full_batch4,refit_global,2,24,0.9583333333333334,0.16858981916114493,0.07191373674894581,0.9166666666666666,1.0,0.0
fp32_strict_math,context,banking_seen,full_batch4,set_linear,2,24,0.9583333333333334,0.24131736366279735,0.11130525215323812,0.9166666666666666,1.0,0.0
fp32_strict_math,context,banking_seen,shared_lossless,frozen_global,2,24,0.75,0.5757351567486803,0.29886256289415275,0.5,1.0,0.0
fp32_strict_math,context,banking_seen,shared_lossless,refit_global,2,24,0.9583333333333334,0.16859301541402663,0.07191620609182438,0.9166666666666666,1.0,0.0
fp32_strict_math,context,banking_seen,shared_lossless,set_linear,2,24,0.9583333333333334,0.24131905512170407,0.1113065755191146,0.9166666666666666,1.0,0.0
fp32_strict_math,context,banking_seen,shared_kv_fp16,frozen_global,2,24,0.75,0.5760695797447474,0.2990340828913294,0.5,1.0,0.0
fp32_strict_math,context,banking_seen,shared_kv_fp16,refit_global,2,24,0.9583333333333334,0.1687178121619215,0.0719894708633349,0.9166666666666666,1.0,0.0
fp32_strict_math,context,banking_seen,shared_kv_fp16,set_linear,2,24,0.9583333333333334,0.2414293986162849,0.11138054906872179,0.9166666666666666,1.0,0.0
fp32_strict_math,context,banking_unseen,full_sequential,frozen_global,2,24,0.625,0.9646156561174921,0.46360818319003355,0.25,1.0,0.0
fp32_strict_math,context,banking_unseen,full_sequential,refit_global,2,24,0.9166666666666666,0.31114458326583133,0.163489269961823,0.8333333333333334,1.0,0.0
fp32_strict_math,context,banking_unseen,full_sequential,set_linear,2,24,0.9166666666666666,0.32177111803301217,0.17768046858557626,0.8333333333333334,1.0,0.0
fp32_strict_math,context,banking_unseen,full_batch4,frozen_global,2,24,0.625,0.9646083290929758,0.46360769145791303,0.25,1.0,0.0
fp32_strict_math,context,banking_unseen,full_batch4,refit_global,2,24,0.9166666666666666,0.311139468972818,0.1634880271897561,0.8333333333333334,1.0,0.0
fp32_strict_math,context,banking_unseen,full_batch4,set_linear,2,24,0.9166666666666666,0.3217697194076187,0.17767989390059125,0.8333333333333334,1.0,0.0
fp32_strict_math,context,banking_unseen,shared_lossless,frozen_global,2,24,0.625,0.9646131824908668,0.46360738216339653,0.25,1.0,0.0
fp32_strict_math,context,banking_unseen,shared_lossless,refit_global,2,24,0.9166666666666666,0.31114346693660094,0.16348877488942629,0.8333333333333334,1.0,0.0
fp32_strict_math,context,banking_unseen,shared_lossless,set_linear,2,24,0.9166666666666666,0.3217710759710383,0.17768039054979656,0.8333333333333334,1.0,0.0
fp32_strict_math,context,banking_unseen,shared_kv_fp16,frozen_global,2,24,0.625,0.9649337120549886,0.46367564358606117,0.25,1.0,0.0
fp32_strict_math,context,banking_unseen,shared_kv_fp16,refit_global,2,24,0.9166666666666666,0.31130818890501616,0.16354704412617746,0.8333333333333334,1.0,0.0
fp32_strict_math,context,banking_unseen,shared_kv_fp16,set_linear,2,24,0.9166666666666666,0.3218006427950646,0.17768692943534956,0.8333333333333334,1.0,0.0
fp32_strict_math,context,clinc_nonbank,full_sequential,frozen_global,2,24,0.625,1.1787824159955864,0.564057550701376,0.3333333333333333,0.9166666666666666,0.08333333333333333
fp32_strict_math,context,clinc_nonbank,full_sequential,refit_global,2,24,0.75,0.6471316510424813,0.3591984838301136,0.6666666666666666,0.8333333333333334,0.16666666666666666
fp32_strict_math,context,clinc_nonbank,full_sequential,set_linear,2,24,0.5833333333333334,0.692747345615771,0.4342956349226698,0.3333333333333333,0.8333333333333334,0.16666666666666666
fp32_strict_math,context,clinc_nonbank,full_batch4,frozen_global,2,24,0.625,1.1787868103826058,0.5640597298874819,0.3333333333333333,0.9166666666666666,0.08333333333333333
fp32_strict_math,context,clinc_nonbank,full_batch4,refit_global,2,24,0.75,0.6471305735020715,0.3591994527319171,0.6666666666666666,0.8333333333333334,0.16666666666666666
fp32_strict_math,context,clinc_nonbank,full_batch4,set_linear,2,24,0.5833333333333334,0.6927492534818084,0.4342981135936072,0.3333333333333333,0.8333333333333334,0.16666666666666666
fp32_strict_math,context,clinc_nonbank,shared_lossless,frozen_global,2,24,0.625,1.1787835963259616,0.5640581106944966,0.3333333333333333,0.9166666666666666,0.08333333333333333
fp32_strict_math,context,clinc_nonbank,shared_lossless,refit_global,2,24,0.75,0.6471328748121433,0.3591988280331863,0.6666666666666666,0.8333333333333334,0.16666666666666666
fp32_strict_math,context,clinc_nonbank,shared_lossless,set_linear,2,24,0.5833333333333334,0.6927489000666108,0.43429652087448894,0.3333333333333333,0.8333333333333334,0.16666666666666666
fp32_strict_math,context,clinc_nonbank,shared_kv_fp16,frozen_global,2,24,0.625,1.1791009077983572,0.5641209707292386,0.3333333333333333,0.9166666666666666,0.08333333333333333
fp32_strict_math,context,clinc_nonbank,shared_kv_fp16,refit_global,2,24,0.75,0.6471554799206248,0.359266179357504,0.6666666666666666,0.8333333333333334,0.16666666666666666
fp32_strict_math,context,clinc_nonbank,shared_kv_fp16,set_linear,2,24,0.5833333333333334,0.6927970052839951,0.43434216440844214,0.3333333333333333,0.8333333333333334,0.16666666666666666
fp32_tf32_allowed,fresh,banking_seen,full_sequential,frozen_global,32,128,0.453125,1.8260808110013855,0.7080373357019893,0.09375,0.8125,0.015625
fp32_tf32_allowed,fresh,banking_seen,full_sequential,refit_global,32,128,0.6328125,1.0471064928469334,0.5046400100270614,0.59375,0.671875,0.1875
fp32_tf32_allowed,fresh,banking_seen,full_sequential,set_linear,32,128,0.6953125,0.8829042614519771,0.44436213775277256,0.6875,0.703125,0.15625
fp32_tf32_allowed,fresh,banking_seen,full_batch4,frozen_global,4,16,0.375,2.9680300505622563,0.9135729788629879,0.125,0.625,0.0
fp32_tf32_allowed,fresh,banking_seen,full_batch4,refit_global,4,16,0.5,2.25497858923777,0.8028654536506307,0.625,0.375,0.25
fp32_tf32_allowed,fresh,banking_seen,full_batch4,set_linear,4,16,0.5625,1.944176817564191,0.7455391456299534,0.625,0.5,0.125
fp32_tf32_allowed,fresh,banking_seen,shared_lossless,frozen_global,4,16,0.375,2.9691017823244152,0.9138630581913623,0.125,0.625,0.0
fp32_tf32_allowed,fresh,banking_seen,shared_lossless,refit_global,4,16,0.5,2.255158971718819,0.8026238777468676,0.625,0.375,0.25
fp32_tf32_allowed,fresh,banking_seen,shared_lossless,set_linear,4,16,0.5625,1.9438679911543881,0.7454320340032629,0.625,0.5,0.125
fp32_tf32_allowed,fresh,banking_seen,shared_kv_fp16,frozen_global,4,16,0.375,2.968844775467044,0.9136463602740367,0.125,0.625,0.0
fp32_tf32_allowed,fresh,banking_seen,shared_kv_fp16,refit_global,4,16,0.5,2.2543012405663703,0.8019820710919044,0.625,0.375,0.25
fp32_tf32_allowed,fresh,banking_seen,shared_kv_fp16,set_linear,4,16,0.5625,1.943111962692718,0.744955001995107,0.625,0.5,0.125
fp32_tf32_allowed,fresh,banking_unseen,full_sequential,frozen_global,32,128,0.515625,1.474900600729859,0.6415808710337616,0.125,0.90625,0.0
fp32_tf32_allowed,fresh,banking_unseen,full_sequential,refit_global,32,128,0.7734375,0.7045203043075268,0.3589271032122997,0.6875,0.859375,0.109375
fp32_tf32_allowed,fresh,banking_unseen,full_sequential,set_linear,32,128,0.7578125,0.6473186486599896,0.34252599597456346,0.6875,0.828125,0.140625
fp32_tf32_allowed,fresh,banking_unseen,full_batch4,frozen_global,4,16,0.5625,0.945231590955844,0.5081410870305363,0.125,1.0,0.0
fp32_tf32_allowed,fresh,banking_unseen,full_batch4,refit_global,4,16,1.0,0.22647128070448025,0.0989182642519818,1.0,1.0,0.0
fp32_tf32_allowed,fresh,banking_unseen,full_batch4,set_linear,4,16,0.875,0.27255313466724124,0.13070445927078644,0.75,1.0,0.0
fp32_tf32_allowed,fresh,banking_unseen,shared_lossless,frozen_global,4,16,0.5625,0.9460936848512955,0.50840501979853,0.125,1.0,0.0
fp32_tf32_allowed,fresh,banking_unseen,shared_lossless,refit_global,4,16,1.0,0.22690310091131094,0.09923822662304935,1.0,1.0,0.0
fp32_tf32_allowed,fresh,banking_unseen,shared_lossless,set_linear,4,16,0.875,0.2728549732691415,0.13095235819796147,0.75,1.0,0.0
fp32_tf32_allowed,fresh,banking_unseen,shared_kv_fp16,frozen_global,4,16,0.5625,0.9459459068571903,0.5082635630083738,0.125,1.0,0.0
fp32_tf32_allowed,fresh,banking_unseen,shared_kv_fp16,refit_global,4,16,1.0,0.22676235938588063,0.09903386024395647,1.0,1.0,0.0
fp32_tf32_allowed,fresh,banking_unseen,shared_kv_fp16,set_linear,4,16,0.875,0.2726158291264591,0.1306354487155694,0.75,1.0,0.0
fp32_tf32_allowed,fresh,clinc_nonbank,full_sequential,frozen_global,32,128,0.4921875,2.6254464563316633,0.7512166792515993,0.015625,0.96875,0.0
fp32_tf32_allowed,fresh,clinc_nonbank,full_sequential,refit_global,32,128,0.625,1.51367404790637,0.5852797344004284,0.28125,0.96875,0.0
fp32_tf32_allowed,fresh,clinc_nonbank,full_sequential,set_linear,32,128,0.6640625,1.03724856325609,0.4871006590409671,0.390625,0.9375,0.03125
fp32_tf32_allowed,fresh,clinc_nonbank,full_batch4,frozen_global,4,16,0.5,3.2684994970343455,0.7567771907970684,0.0,1.0,0.0
fp32_tf32_allowed,fresh,clinc_nonbank,full_batch4,refit_global,4,16,0.5,2.0660968259061048,0.6726641380771533,0.0,1.0,0.0
fp32_tf32_allowed,fresh,clinc_nonbank,full_batch4,set_linear,4,16,0.625,1.3698784356916756,0.5444572717952743,0.25,1.0,0.0
fp32_tf32_allowed,fresh,clinc_nonbank,shared_lossless,frozen_global,4,16,0.5,3.2702420987139704,0.7570212603380779,0.0,1.0,0.0
fp32_tf32_allowed,fresh,clinc_nonbank,shared_lossless,refit_global,4,16,0.5,2.0677368350623557,0.6730730783074363,0.0,1.0,0.0
fp32_tf32_allowed,fresh,clinc_nonbank,shared_lossless,set_linear,4,16,0.625,1.371293777361351,0.5448631406435562,0.25,1.0,0.0
fp32_tf32_allowed,fresh,clinc_nonbank,shared_kv_fp16,frozen_global,4,16,0.5,3.270802473966432,0.7571712985284804,0.0,1.0,0.0
fp32_tf32_allowed,fresh,clinc_nonbank,shared_kv_fp16,refit_global,4,16,0.5,2.068265224321564,0.6732543350360475,0.0,1.0,0.0
fp32_tf32_allowed,fresh,clinc_nonbank,shared_kv_fp16,set_linear,4,16,0.625,1.3715375014496864,0.5451223664616118,0.25,1.0,0.0
fp32_tf32_allowed,fresh,clinc_oos,full_sequential,frozen_global,16,32,0.0,4.227540882912601,1.3508913548342982,0.0,,
fp32_tf32_allowed,fresh,clinc_oos,full_sequential,refit_global,16,32,0.25,2.049840099839944,0.930355391634628,0.25,,
fp32_tf32_allowed,fresh,clinc_oos,full_sequential,set_linear,16,32,0.46875,1.3397696243934074,0.729803046371875,0.46875,,
fp32_tf32_allowed,fresh,clinc_oos,full_batch4,frozen_global,4,8,0.0,4.000139070238021,1.3775333618211953,0.0,,
fp32_tf32_allowed,fresh,clinc_oos,full_batch4,refit_global,4,8,0.375,1.874219617379984,0.9091506807243888,0.375,,
fp32_tf32_allowed,fresh,clinc_oos,full_batch4,set_linear,4,8,0.375,1.2878025862818947,0.7489953457863424,0.375,,
fp32_tf32_allowed,fresh,clinc_oos,shared_lossless,frozen_global,4,8,0.0,4.000538201718639,1.3769421305713476,0.0,,
fp32_tf32_allowed,fresh,clinc_oos,shared_lossless,refit_global,4,8,0.375,1.874339657848757,0.9088946191103795,0.375,,
fp32_tf32_allowed,fresh,clinc_oos,shared_lossless,set_linear,4,8,0.375,1.2863612783148524,0.7478722559893973,0.375,,
fp32_tf32_allowed,fresh,clinc_oos,shared_kv_fp16,frozen_global,4,8,0.0,4.002154208904982,1.377413741570396,0.0,,
fp32_tf32_allowed,fresh,clinc_oos,shared_kv_fp16,refit_global,4,8,0.375,1.8756460213689092,0.9095416277606618,0.375,,
fp32_tf32_allowed,fresh,clinc_oos,shared_kv_fp16,set_linear,4,8,0.375,1.2879192296086552,0.7488535192260802,0.375,,
fp32_tf32_allowed,context,banking_seen,full_sequential,frozen_global,2,24,0.75,0.5761510455405432,0.29926661827289586,0.5,1.0,0.0
fp32_tf32_allowed,context,banking_seen,full_sequential,refit_global,2,24,0.9583333333333334,0.16893023518023872,0.07220377567808371,0.9166666666666666,1.0,0.0
fp32_tf32_allowed,context,banking_seen,full_sequential,set_linear,2,24,0.9583333333333334,0.2417192711939693,0.11162819902850422,0.9166666666666666,1.0,0.0
fp32_tf32_allowed,context,banking_seen,full_batch4,frozen_global,2,24,0.7083333333333334,0.5751414292480964,0.2987739850275349,0.4166666666666667,1.0,0.0
fp32_tf32_allowed,context,banking_seen,full_batch4,refit_global,2,24,0.9583333333333334,0.16879970295846322,0.07213870304959631,0.9166666666666666,1.0,0.0
fp32_tf32_allowed,context,banking_seen,full_batch4,set_linear,2,24,0.9583333333333334,0.2414483138030031,0.11138695814246204,0.9166666666666666,1.0,0.0
fp32_tf32_allowed,context,banking_seen,shared_lossless,frozen_global,2,24,0.7083333333333334,0.5742896055640426,0.2985302148930242,0.4166666666666667,1.0,0.0
fp32_tf32_allowed,context,banking_seen,shared_lossless,refit_global,2,24,0.9583333333333334,0.16798176086539138,0.07148110727435673,0.9166666666666666,1.0,0.0
fp32_tf32_allowed,context,banking_seen,shared_lossless,set_linear,2,24,0.9583333333333334,0.240891158818653,0.11105543051256682,0.9166666666666666,1.0,0.0
fp32_tf32_allowed,context,banking_seen,shared_kv_fp16,frozen_global,2,24,0.7083333333333334,0.5746046904698325,0.2986106033805603,0.4166666666666667,1.0,0.0
fp32_tf32_allowed,context,banking_seen,shared_kv_fp16,refit_global,2,24,0.9583333333333334,0.16808780484271515,0.07153536150887815,0.9166666666666666,1.0,0.0
fp32_tf32_allowed,context,banking_seen,shared_kv_fp16,set_linear,2,24,0.9583333333333334,0.24092712698238153,0.11109112632746197,0.9166666666666666,1.0,0.0
fp32_tf32_allowed,context,banking_unseen,full_sequential,frozen_global,2,24,0.625,0.9649260197000032,0.4636802858626505,0.25,1.0,0.0
fp32_tf32_allowed,context,banking_unseen,full_sequential,refit_global,2,24,0.9166666666666666,0.311010310331059,0.1634248003867011,0.8333333333333334,1.0,0.0
fp32_tf32_allowed,context,banking_unseen,full_sequential,set_linear,2,24,0.9166666666666666,0.32126363302277794,0.17729084590667432,0.8333333333333334,1.0,0.0
fp32_tf32_allowed,context,banking_unseen,full_batch4,frozen_global,2,24,0.625,0.9629065368198381,0.4633138692669709,0.25,1.0,0.0
fp32_tf32_allowed,context,banking_unseen,full_batch4,refit_global,2,24,0.9166666666666666,0.3095743314946385,0.16275677717851414,0.8333333333333334,1.0,0.0
fp32_tf32_allowed,context,banking_unseen,full_batch4,set_linear,2,24,0.9166666666666666,0.32055319051676195,0.1767533654064016,0.8333333333333334,1.0,0.0
fp32_tf32_allowed,context,banking_unseen,shared_lossless,frozen_global,2,24,0.625,0.9632065618709035,0.4635232855267036,0.25,1.0,0.0
fp32_tf32_allowed,context,banking_unseen,shared_lossless,refit_global,2,24,0.9166666666666666,0.30973750084822543,0.16324276866912893,0.8333333333333334,1.0,0.0
fp32_tf32_allowed,context,banking_unseen,shared_lossless,set_linear,2,24,0.9166666666666666,0.32098427444966726,0.17715379013180543,0.8333333333333334,1.0,0.0
fp32_tf32_allowed,context,banking_unseen,shared_kv_fp16,frozen_global,2,24,0.625,0.9628065529468244,0.46330498697386463,0.25,1.0,0.0
fp32_tf32_allowed,context,banking_unseen,shared_kv_fp16,refit_global,2,24,0.9166666666666666,0.30965388712175507,0.16316355680504255,0.8333333333333334,1.0,0.0
fp32_tf32_allowed,context,banking_unseen,shared_kv_fp16,set_linear,2,24,0.9166666666666666,0.32074079476436107,0.17700501632637855,0.8333333333333334,1.0,0.0
fp32_tf32_allowed,context,clinc_nonbank,full_sequential,frozen_global,2,24,0.625,1.1764227145764707,0.5636057725969185,0.3333333333333333,0.9166666666666666,0.08333333333333333
fp32_tf32_allowed,context,clinc_nonbank,full_sequential,refit_global,2,24,0.75,0.645199017123767,0.3584558208055415,0.6666666666666666,0.8333333333333334,0.16666666666666666
fp32_tf32_allowed,context,clinc_nonbank,full_sequential,set_linear,2,24,0.5833333333333334,0.6911345041319032,0.43351970443204396,0.3333333333333333,0.8333333333333334,0.16666666666666666
fp32_tf32_allowed,context,clinc_nonbank,full_batch4,frozen_global,2,24,0.625,1.177149551877817,0.5633588439357801,0.3333333333333333,0.9166666666666666,0.08333333333333333
fp32_tf32_allowed,context,clinc_nonbank,full_batch4,refit_global,2,24,0.75,0.6468088039766046,0.3586016550120978,0.6666666666666666,0.8333333333333334,0.16666666666666666
fp32_tf32_allowed,context,clinc_nonbank,full_batch4,set_linear,2,24,0.5833333333333334,0.6921115592911908,0.43364414932116313,0.3333333333333333,0.8333333333333334,0.16666666666666666
fp32_tf32_allowed,context,clinc_nonbank,shared_lossless,frozen_global,2,24,0.625,1.1765146176779395,0.5639243381563492,0.3333333333333333,0.9166666666666666,0.08333333333333333
fp32_tf32_allowed,context,clinc_nonbank,shared_lossless,refit_global,2,24,0.75,0.6452964017759012,0.3584864476497452,0.6666666666666666,0.8333333333333334,0.16666666666666666
fp32_tf32_allowed,context,clinc_nonbank,shared_lossless,set_linear,2,24,0.5833333333333334,0.6918244350073287,0.4338844893356905,0.3333333333333333,0.8333333333333334,0.16666666666666666
fp32_tf32_allowed,context,clinc_nonbank,shared_kv_fp16,frozen_global,2,24,0.625,1.177144478333289,0.5638805329749114,0.3333333333333333,0.9166666666666666,0.08333333333333333
fp32_tf32_allowed,context,clinc_nonbank,shared_kv_fp16,refit_global,2,24,0.75,0.6454264731287989,0.35898339430022813,0.6666666666666666,0.8333333333333334,0.16666666666666666
fp32_tf32_allowed,context,clinc_nonbank,shared_kv_fp16,set_linear,2,24,0.5833333333333334,0.6918948049550732,0.4341543496854925,0.3333333333333333,0.8333333333333334,0.16666666666666666
