mode,panel,family,strategy,evaluated,distinct_message_groups,maximum_probability_delta,episodes_over_0_005,argmax_changed,policy_output_changed,accepted,message_groups_with_any_failure,zero_failure_message_upper_bound_95,upper_bound_scope
fp32_strict_math,fresh,banking_seen,full_batch4,16,4,4.565876036921601e-06,0,0,0,16,0,0.527129195498412,"one-sided zero-event binomial bound on message-level any-failure, only under independent/exchangeable message assumptions; not safety certification"
fp32_strict_math,fresh,banking_seen,shared_lossless,16,4,7.036747623756501e-06,0,0,0,16,0,0.527129195498412,"one-sided zero-event binomial bound on message-level any-failure, only under independent/exchangeable message assumptions; not safety certification"
fp32_strict_math,fresh,banking_seen,shared_kv_fp16,16,4,0.00038220853874393335,0,0,0,16,0,0.527129195498412,"one-sided zero-event binomial bound on message-level any-failure, only under independent/exchangeable message assumptions; not safety certification"
fp32_strict_math,fresh,banking_unseen,full_batch4,16,4,3.808545970152011e-06,0,0,0,16,0,0.527129195498412,"one-sided zero-event binomial bound on message-level any-failure, only under independent/exchangeable message assumptions; not safety certification"
fp32_strict_math,fresh,banking_unseen,shared_lossless,16,4,7.737856220269013e-06,0,0,0,16,0,0.527129195498412,"one-sided zero-event binomial bound on message-level any-failure, only under independent/exchangeable message assumptions; not safety certification"
fp32_strict_math,fresh,banking_unseen,shared_kv_fp16,16,4,0.00045508789858450527,0,0,0,16,0,0.527129195498412,"one-sided zero-event binomial bound on message-level any-failure, only under independent/exchangeable message assumptions; not safety certification"
fp32_strict_math,fresh,clinc_nonbank,full_batch4,16,4,7.308367334368793e-06,0,0,0,16,0,0.527129195498412,"one-sided zero-event binomial bound on message-level any-failure, only under independent/exchangeable message assumptions; not safety certification"
fp32_strict_math,fresh,clinc_nonbank,shared_lossless,16,4,3.7047100526765853e-06,0,0,0,16,0,0.527129195498412,"one-sided zero-event binomial bound on message-level any-failure, only under independent/exchangeable message assumptions; not safety certification"
fp32_strict_math,fresh,clinc_nonbank,shared_kv_fp16,16,4,0.0001760493987463252,0,0,0,16,0,0.527129195498412,"one-sided zero-event binomial bound on message-level any-failure, only under independent/exchangeable message assumptions; not safety certification"
fp32_strict_math,fresh,clinc_oos,full_batch4,8,4,3.2774977657412663e-06,0,0,0,8,0,0.527129195498412,"one-sided zero-event binomial bound on message-level any-failure, only under independent/exchangeable message assumptions; not safety certification"
fp32_strict_math,fresh,clinc_oos,shared_lossless,8,4,3.281951797218241e-06,0,0,0,8,0,0.527129195498412,"one-sided zero-event binomial bound on message-level any-failure, only under independent/exchangeable message assumptions; not safety certification"
fp32_strict_math,fresh,clinc_oos,shared_kv_fp16,8,4,0.00035518125740363615,0,0,0,8,0,0.527129195498412,"one-sided zero-event binomial bound on message-level any-failure, only under independent/exchangeable message assumptions; not safety certification"
fp32_strict_math,context,banking_seen,full_batch4,24,2,2.3352213218807982e-05,0,0,0,24,0,0.776393202250021,"one-sided zero-event binomial bound on message-level any-failure, only under independent/exchangeable message assumptions; not safety certification"
fp32_strict_math,context,banking_seen,shared_lossless,24,2,1.4424959061787312e-05,0,0,0,24,0,0.776393202250021,"one-sided zero-event binomial bound on message-level any-failure, only under independent/exchangeable message assumptions; not safety certification"
fp32_strict_math,context,banking_seen,shared_kv_fp16,24,2,0.0005440834905023895,0,0,0,24,0,0.776393202250021,"one-sided zero-event binomial bound on message-level any-failure, only under independent/exchangeable message assumptions; not safety certification"
fp32_strict_math,context,banking_unseen,full_batch4,24,2,1.9162685935797397e-05,0,0,0,24,0,0.776393202250021,"one-sided zero-event binomial bound on message-level any-failure, only under independent/exchangeable message assumptions; not safety certification"
fp32_strict_math,context,banking_unseen,shared_lossless,24,2,1.0810399785454727e-05,0,0,0,24,0,0.776393202250021,"one-sided zero-event binomial bound on message-level any-failure, only under independent/exchangeable message assumptions; not safety certification"
fp32_strict_math,context,banking_unseen,shared_kv_fp16,24,2,0.00042108583506239583,0,0,0,24,0,0.776393202250021,"one-sided zero-event binomial bound on message-level any-failure, only under independent/exchangeable message assumptions; not safety certification"
fp32_strict_math,context,clinc_nonbank,full_batch4,24,2,3.5817216471500934e-05,0,0,0,24,0,0.776393202250021,"one-sided zero-event binomial bound on message-level any-failure, only under independent/exchangeable message assumptions; not safety certification"
fp32_strict_math,context,clinc_nonbank,shared_lossless,24,2,9.45912496908008e-06,0,0,0,24,0,0.776393202250021,"one-sided zero-event binomial bound on message-level any-failure, only under independent/exchangeable message assumptions; not safety certification"
fp32_strict_math,context,clinc_nonbank,shared_kv_fp16,24,2,0.0004767707156193568,0,0,0,24,0,0.776393202250021,"one-sided zero-event binomial bound on message-level any-failure, only under independent/exchangeable message assumptions; not safety certification"
fp32_tf32_allowed,fresh,banking_seen,full_batch4,16,4,0.003915963862244964,0,0,0,16,0,0.527129195498412,"one-sided zero-event binomial bound on message-level any-failure, only under independent/exchangeable message assumptions; not safety certification"
fp32_tf32_allowed,fresh,banking_seen,shared_lossless,16,4,0.0032906232028916405,0,0,0,16,0,0.527129195498412,"one-sided zero-event binomial bound on message-level any-failure, only under independent/exchangeable message assumptions; not safety certification"
fp32_tf32_allowed,fresh,banking_seen,shared_kv_fp16,16,4,0.00420108402598568,0,0,0,16,0,0.527129195498412,"one-sided zero-event binomial bound on message-level any-failure, only under independent/exchangeable message assumptions; not safety certification"
fp32_tf32_allowed,fresh,banking_unseen,full_batch4,16,4,0.0023591781557024127,0,0,0,16,0,0.527129195498412,"one-sided zero-event binomial bound on message-level any-failure, only under independent/exchangeable message assumptions; not safety certification"
fp32_tf32_allowed,fresh,banking_unseen,shared_lossless,16,4,0.001533582880609785,0,0,0,16,0,0.527129195498412,"one-sided zero-event binomial bound on message-level any-failure, only under independent/exchangeable message assumptions; not safety certification"
fp32_tf32_allowed,fresh,banking_unseen,shared_kv_fp16,16,4,0.0023895180504827085,0,0,0,16,0,0.527129195498412,"one-sided zero-event binomial bound on message-level any-failure, only under independent/exchangeable message assumptions; not safety certification"
fp32_tf32_allowed,fresh,clinc_nonbank,full_batch4,16,4,0.003256418717593079,0,0,0,16,0,0.527129195498412,"one-sided zero-event binomial bound on message-level any-failure, only under independent/exchangeable message assumptions; not safety certification"
fp32_tf32_allowed,fresh,clinc_nonbank,shared_lossless,16,4,0.0025477368965773906,0,0,0,16,0,0.527129195498412,"one-sided zero-event binomial bound on message-level any-failure, only under independent/exchangeable message assumptions; not safety certification"
fp32_tf32_allowed,fresh,clinc_nonbank,shared_kv_fp16,16,4,0.0035042113292680366,0,0,0,16,0,0.527129195498412,"one-sided zero-event binomial bound on message-level any-failure, only under independent/exchangeable message assumptions; not safety certification"
fp32_tf32_allowed,fresh,clinc_oos,full_batch4,8,4,0.0021735924060299894,0,0,0,8,0,0.527129195498412,"one-sided zero-event binomial bound on message-level any-failure, only under independent/exchangeable message assumptions; not safety certification"
fp32_tf32_allowed,fresh,clinc_oos,shared_lossless,8,4,0.001672977536208875,0,0,0,8,0,0.527129195498412,"one-sided zero-event binomial bound on message-level any-failure, only under independent/exchangeable message assumptions; not safety certification"
fp32_tf32_allowed,fresh,clinc_oos,shared_kv_fp16,8,4,0.0015519443808258426,0,0,0,8,0,0.527129195498412,"one-sided zero-event binomial bound on message-level any-failure, only under independent/exchangeable message assumptions; not safety certification"
fp32_tf32_allowed,context,banking_seen,full_batch4,24,2,0.00404909497047623,0,1,0,23,1,,"one-sided zero-event binomial bound on message-level any-failure, only under independent/exchangeable message assumptions; not safety certification"
fp32_tf32_allowed,context,banking_seen,shared_lossless,24,2,0.0034839233946124537,0,1,0,23,1,,"one-sided zero-event binomial bound on message-level any-failure, only under independent/exchangeable message assumptions; not safety certification"
fp32_tf32_allowed,context,banking_seen,shared_kv_fp16,24,2,0.0038737490267380936,0,1,0,23,1,,"one-sided zero-event binomial bound on message-level any-failure, only under independent/exchangeable message assumptions; not safety certification"
fp32_tf32_allowed,context,banking_unseen,full_batch4,24,2,0.006706052392729922,1,0,0,23,1,,"one-sided zero-event binomial bound on message-level any-failure, only under independent/exchangeable message assumptions; not safety certification"
fp32_tf32_allowed,context,banking_unseen,shared_lossless,24,2,0.005803750498031057,1,0,0,23,1,,"one-sided zero-event binomial bound on message-level any-failure, only under independent/exchangeable message assumptions; not safety certification"
fp32_tf32_allowed,context,banking_unseen,shared_kv_fp16,24,2,0.007959404786651247,1,0,0,23,1,,"one-sided zero-event binomial bound on message-level any-failure, only under independent/exchangeable message assumptions; not safety certification"
fp32_tf32_allowed,context,clinc_nonbank,full_batch4,24,2,0.004131890574883945,0,0,0,24,0,0.776393202250021,"one-sided zero-event binomial bound on message-level any-failure, only under independent/exchangeable message assumptions; not safety certification"
fp32_tf32_allowed,context,clinc_nonbank,shared_lossless,24,2,0.002889639840441549,0,0,0,24,0,0.776393202250021,"one-sided zero-event binomial bound on message-level any-failure, only under independent/exchangeable message assumptions; not safety certification"
fp32_tf32_allowed,context,clinc_nonbank,shared_kv_fp16,24,2,0.003490152102789912,0,0,0,24,0,0.776393202250021,"one-sided zero-event binomial bound on message-level any-failure, only under independent/exchangeable message assumptions; not safety certification"
