id,group,family,strategy,K,p50_ms,peak_extra_mib,mode,accepted
g_banking_seen_2938_label_lexical_hard_k4_abs0,e800a7c1f097f407b6eae589905add4362c66ae802a6618ce1e5f8892d8a4315,banking_seen,full_sequential,4,396.5250399996876,26.7099609375,fp32_strict_math,True
g_banking_seen_2938_label_lexical_hard_k4_abs0,e800a7c1f097f407b6eae589905add4362c66ae802a6618ce1e5f8892d8a4315,banking_seen,full_batch4,4,286.51536999996097,110.37841796875,fp32_strict_math,True
g_banking_seen_2938_label_lexical_hard_k4_abs0,e800a7c1f097f407b6eae589905add4362c66ae802a6618ce1e5f8892d8a4315,banking_seen,shared_kv_fp16,4,475.70981899980325,162.57080078125,fp32_strict_math,True
g_banking_seen_2938_label_lexical_hard_k4_abs0,e800a7c1f097f407b6eae589905add4362c66ae802a6618ce1e5f8892d8a4315,banking_seen,shared_lossless,4,462.52496400029486,183.24755859375,fp32_strict_math,True
g_banking_unseen_2602_label_lexical_hard_k4_abs1,42f710c7b09c9889c20457d1bf16141a4d67ffe930be65b398dfc33e2ccf0619,banking_unseen,shared_lossless,4,380.1417770000626,257.26123046875,fp32_strict_math,True
g_banking_unseen_2602_label_lexical_hard_k4_abs1,42f710c7b09c9889c20457d1bf16141a4d67ffe930be65b398dfc33e2ccf0619,banking_unseen,full_sequential,4,398.75087700011136,26.7099609375,fp32_strict_math,True
g_banking_unseen_2602_label_lexical_hard_k4_abs1,42f710c7b09c9889c20457d1bf16141a4d67ffe930be65b398dfc33e2ccf0619,banking_unseen,shared_kv_fp16,4,392.6361679996262,255.76123046875,fp32_strict_math,True
g_banking_unseen_2602_label_lexical_hard_k4_abs1,42f710c7b09c9889c20457d1bf16141a4d67ffe930be65b398dfc33e2ccf0619,banking_unseen,full_batch4,4,293.8388830002623,110.37841796875,fp32_strict_math,True
g_clinc_nonbank_965_label_lexical_hard_k4_abs0,71ae23e89ccd8a4e79aaf68f5394934a8d5218aa1b4bfae9880f7035d89e9470,clinc_nonbank,full_batch4,4,243.67500900007144,106.04052734375,fp32_strict_math,True
g_clinc_nonbank_965_label_lexical_hard_k4_abs0,71ae23e89ccd8a4e79aaf68f5394934a8d5218aa1b4bfae9880f7035d89e9470,clinc_nonbank,shared_kv_fp16,4,303.4134139998059,328.150390625,fp32_strict_math,True
g_clinc_nonbank_965_label_lexical_hard_k4_abs0,71ae23e89ccd8a4e79aaf68f5394934a8d5218aa1b4bfae9880f7035d89e9470,clinc_nonbank,shared_lossless,4,291.64576299990586,329.400390625,fp32_strict_math,True
g_clinc_nonbank_965_label_lexical_hard_k4_abs0,71ae23e89ccd8a4e79aaf68f5394934a8d5218aa1b4bfae9880f7035d89e9470,clinc_nonbank,full_sequential,4,393.68669799978306,25.5166015625,fp32_strict_math,True
g_clinc_oos_551_uniform_k4_abs1,fd8c9d7ab5978a9b64cd45f55ee4c7ceee48a47fad4f48742f93db3f0669d7c4,clinc_oos,full_sequential,4,393.66852200009816,25.625,fp32_strict_math,True
g_clinc_oos_551_uniform_k4_abs1,fd8c9d7ab5978a9b64cd45f55ee4c7ceee48a47fad4f48742f93db3f0669d7c4,clinc_oos,shared_kv_fp16,4,305.53434900002685,221.0771484375,fp32_strict_math,True
g_clinc_oos_551_uniform_k4_abs1,fd8c9d7ab5978a9b64cd45f55ee4c7ceee48a47fad4f48742f93db3f0669d7c4,clinc_oos,full_batch4,4,236.0207389997413,106.107421875,fp32_strict_math,True
g_clinc_oos_551_uniform_k4_abs1,fd8c9d7ab5978a9b64cd45f55ee4c7ceee48a47fad4f48742f93db3f0669d7c4,clinc_oos,shared_lossless,4,292.6642540001012,221.0771484375,fp32_strict_math,True
g_banking_seen_1246_uniform_k16_abs1,721f259744319121a1d23ccb878348d6a9b9eaa6432d925bd9c014529832b51b,banking_seen,shared_lossless,16,725.1370590001898,403.57177734375,fp32_strict_math,True
g_banking_seen_1246_uniform_k16_abs1,721f259744319121a1d23ccb878348d6a9b9eaa6432d925bd9c014529832b51b,banking_seen,full_batch4,16,1136.025883000002,108.3837890625,fp32_strict_math,True
g_banking_seen_1246_uniform_k16_abs1,721f259744319121a1d23ccb878348d6a9b9eaa6432d925bd9c014529832b51b,banking_seen,shared_kv_fp16,16,737.0916820000275,401.6689453125,fp32_strict_math,True
g_banking_seen_1246_uniform_k16_abs1,721f259744319121a1d23ccb878348d6a9b9eaa6432d925bd9c014529832b51b,banking_seen,full_sequential,16,1579.583052000089,26.3837890625,fp32_strict_math,True
g_banking_unseen_1068_uniform_k16_abs0,9d8049a83c2037471b925048f26207c145e0058003bb357c1ebe0f0f5cdd3237,banking_unseen,full_batch4,16,1256.6311730001871,156.458984375,fp32_strict_math,True
g_banking_unseen_1068_uniform_k16_abs0,9d8049a83c2037471b925048f26207c145e0058003bb357c1ebe0f0f5cdd3237,banking_unseen,shared_lossless,16,814.4961709999734,407.19677734375,fp32_strict_math,True
g_banking_unseen_1068_uniform_k16_abs0,9d8049a83c2037471b925048f26207c145e0058003bb357c1ebe0f0f5cdd3237,banking_unseen,shared_kv_fp16,16,823.7340430000586,405.50927734375,fp32_strict_math,True
g_banking_unseen_1068_uniform_k16_abs0,9d8049a83c2037471b925048f26207c145e0058003bb357c1ebe0f0f5cdd3237,banking_unseen,full_sequential,16,1651.5404420001687,38.20947265625,fp32_strict_math,True
g_clinc_nonbank_1278_label_lexical_hard_k16_abs1,5c82961b982c965508d7b0c44b6ac799465bb445a85c2213c27c4bc629837168,clinc_nonbank,shared_kv_fp16,16,562.9441189998943,399.01611328125,fp32_strict_math,True
g_clinc_nonbank_1278_label_lexical_hard_k16_abs1,5c82961b982c965508d7b0c44b6ac799465bb445a85c2213c27c4bc629837168,clinc_nonbank,shared_lossless,16,547.9825890001848,400.79345703125,fp32_strict_math,True
g_clinc_nonbank_1278_label_lexical_hard_k16_abs1,5c82961b982c965508d7b0c44b6ac799465bb445a85c2213c27c4bc629837168,clinc_nonbank,full_batch4,16,938.5123980000571,105.146484375,fp32_strict_math,True
g_clinc_nonbank_1278_label_lexical_hard_k16_abs1,5c82961b982c965508d7b0c44b6ac799465bb445a85c2213c27c4bc629837168,clinc_nonbank,full_sequential,16,1557.6074569999037,25.625,fp32_strict_math,True
g_clinc_oos_228_uniform_k16_abs1,d3b0204a63c8d60267fbf44c6c34f539a472540ab65667f173183f201b37af2d,clinc_oos,full_sequential,16,1565.7759209998403,25.9501953125,fp32_strict_math,True
g_clinc_oos_228_uniform_k16_abs1,d3b0204a63c8d60267fbf44c6c34f539a472540ab65667f173183f201b37af2d,clinc_oos,shared_kv_fp16,16,645.3724499997406,399.9853515625,fp32_strict_math,True
g_clinc_oos_228_uniform_k16_abs1,d3b0204a63c8d60267fbf44c6c34f539a472540ab65667f173183f201b37af2d,clinc_oos,full_batch4,16,1100.6274390001636,106.3671875,fp32_strict_math,True
g_clinc_oos_228_uniform_k16_abs1,d3b0204a63c8d60267fbf44c6c34f539a472540ab65667f173183f201b37af2d,clinc_oos,shared_lossless,16,633.0102070000976,401.3291015625,fp32_strict_math,True
g_banking_seen_2938_label_lexical_hard_k4_abs0,e800a7c1f097f407b6eae589905add4362c66ae802a6618ce1e5f8892d8a4315,banking_seen,full_sequential,4,347.2922219998509,26.7099609375,fp32_tf32_allowed,True
g_banking_seen_2938_label_lexical_hard_k4_abs0,e800a7c1f097f407b6eae589905add4362c66ae802a6618ce1e5f8892d8a4315,banking_seen,full_batch4,4,134.4911950000096,110.37841796875,fp32_tf32_allowed,True
g_banking_seen_2938_label_lexical_hard_k4_abs0,e800a7c1f097f407b6eae589905add4362c66ae802a6618ce1e5f8892d8a4315,banking_seen,shared_kv_fp16,4,444.9509180003588,162.57080078125,fp32_tf32_allowed,True
g_banking_seen_2938_label_lexical_hard_k4_abs0,e800a7c1f097f407b6eae589905add4362c66ae802a6618ce1e5f8892d8a4315,banking_seen,shared_lossless,4,436.9497299994691,183.24755859375,fp32_tf32_allowed,True
g_banking_unseen_2602_label_lexical_hard_k4_abs1,42f710c7b09c9889c20457d1bf16141a4d67ffe930be65b398dfc33e2ccf0619,banking_unseen,shared_lossless,4,356.2507339993317,257.26123046875,fp32_tf32_allowed,True
g_banking_unseen_2602_label_lexical_hard_k4_abs1,42f710c7b09c9889c20457d1bf16141a4d67ffe930be65b398dfc33e2ccf0619,banking_unseen,full_sequential,4,347.9815380005675,26.7099609375,fp32_tf32_allowed,True
g_banking_unseen_2602_label_lexical_hard_k4_abs1,42f710c7b09c9889c20457d1bf16141a4d67ffe930be65b398dfc33e2ccf0619,banking_unseen,shared_kv_fp16,4,364.910547999898,255.76123046875,fp32_tf32_allowed,True
g_banking_unseen_2602_label_lexical_hard_k4_abs1,42f710c7b09c9889c20457d1bf16141a4d67ffe930be65b398dfc33e2ccf0619,banking_unseen,full_batch4,4,134.92283699997643,110.37841796875,fp32_tf32_allowed,True
g_clinc_nonbank_965_label_lexical_hard_k4_abs0,71ae23e89ccd8a4e79aaf68f5394934a8d5218aa1b4bfae9880f7035d89e9470,clinc_nonbank,full_batch4,4,127.39925599998969,106.04052734375,fp32_tf32_allowed,True
g_clinc_nonbank_965_label_lexical_hard_k4_abs0,71ae23e89ccd8a4e79aaf68f5394934a8d5218aa1b4bfae9880f7035d89e9470,clinc_nonbank,shared_kv_fp16,4,280.97399299986137,328.150390625,fp32_tf32_allowed,True
g_clinc_nonbank_965_label_lexical_hard_k4_abs0,71ae23e89ccd8a4e79aaf68f5394934a8d5218aa1b4bfae9880f7035d89e9470,clinc_nonbank,shared_lossless,4,273.81559900004504,329.400390625,fp32_tf32_allowed,True
g_clinc_nonbank_965_label_lexical_hard_k4_abs0,71ae23e89ccd8a4e79aaf68f5394934a8d5218aa1b4bfae9880f7035d89e9470,clinc_nonbank,full_sequential,4,343.75800900033937,25.5166015625,fp32_tf32_allowed,True
g_clinc_oos_551_uniform_k4_abs1,fd8c9d7ab5978a9b64cd45f55ee4c7ceee48a47fad4f48742f93db3f0669d7c4,clinc_oos,full_sequential,4,344.447494000633,25.625,fp32_tf32_allowed,True
g_clinc_oos_551_uniform_k4_abs1,fd8c9d7ab5978a9b64cd45f55ee4c7ceee48a47fad4f48742f93db3f0669d7c4,clinc_oos,shared_kv_fp16,4,281.4184640001258,221.0771484375,fp32_tf32_allowed,True
g_clinc_oos_551_uniform_k4_abs1,fd8c9d7ab5978a9b64cd45f55ee4c7ceee48a47fad4f48742f93db3f0669d7c4,clinc_oos,full_batch4,4,128.8868129995535,106.107421875,fp32_tf32_allowed,True
g_clinc_oos_551_uniform_k4_abs1,fd8c9d7ab5978a9b64cd45f55ee4c7ceee48a47fad4f48742f93db3f0669d7c4,clinc_oos,shared_lossless,4,275.77360600025713,221.0771484375,fp32_tf32_allowed,True
g_banking_seen_1246_uniform_k16_abs1,721f259744319121a1d23ccb878348d6a9b9eaa6432d925bd9c014529832b51b,banking_seen,shared_lossless,16,661.8120630000703,403.57177734375,fp32_tf32_allowed,True
g_banking_seen_1246_uniform_k16_abs1,721f259744319121a1d23ccb878348d6a9b9eaa6432d925bd9c014529832b51b,banking_seen,full_batch4,16,526.7960719993425,108.3837890625,fp32_tf32_allowed,True
g_banking_seen_1246_uniform_k16_abs1,721f259744319121a1d23ccb878348d6a9b9eaa6432d925bd9c014529832b51b,banking_seen,shared_kv_fp16,16,670.4993249995823,401.6689453125,fp32_tf32_allowed,True
g_banking_seen_1246_uniform_k16_abs1,721f259744319121a1d23ccb878348d6a9b9eaa6432d925bd9c014529832b51b,banking_seen,full_sequential,16,1377.1051909998278,26.3837890625,fp32_tf32_allowed,True
g_banking_unseen_1068_uniform_k16_abs0,9d8049a83c2037471b925048f26207c145e0058003bb357c1ebe0f0f5cdd3237,banking_unseen,full_batch4,16,577.8236039996045,156.458984375,fp32_tf32_allowed,True
g_banking_unseen_1068_uniform_k16_abs0,9d8049a83c2037471b925048f26207c145e0058003bb357c1ebe0f0f5cdd3237,banking_unseen,shared_lossless,16,747.2280000001774,407.19677734375,fp32_tf32_allowed,True
g_banking_unseen_1068_uniform_k16_abs0,9d8049a83c2037471b925048f26207c145e0058003bb357c1ebe0f0f5cdd3237,banking_unseen,shared_kv_fp16,16,753.1561770001645,405.50927734375,fp32_tf32_allowed,True
g_banking_unseen_1068_uniform_k16_abs0,9d8049a83c2037471b925048f26207c145e0058003bb357c1ebe0f0f5cdd3237,banking_unseen,full_sequential,16,1398.8731789995654,38.20947265625,fp32_tf32_allowed,True
g_clinc_nonbank_1278_label_lexical_hard_k16_abs1,5c82961b982c965508d7b0c44b6ac799465bb445a85c2213c27c4bc629837168,clinc_nonbank,shared_kv_fp16,16,502.76753599973745,399.01611328125,fp32_tf32_allowed,True
g_clinc_nonbank_1278_label_lexical_hard_k16_abs1,5c82961b982c965508d7b0c44b6ac799465bb445a85c2213c27c4bc629837168,clinc_nonbank,shared_lossless,16,496.66915999932826,400.79345703125,fp32_tf32_allowed,True
g_clinc_nonbank_1278_label_lexical_hard_k16_abs1,5c82961b982c965508d7b0c44b6ac799465bb445a85c2213c27c4bc629837168,clinc_nonbank,full_batch4,16,499.65712199991685,105.146484375,fp32_tf32_allowed,True
g_clinc_nonbank_1278_label_lexical_hard_k16_abs1,5c82961b982c965508d7b0c44b6ac799465bb445a85c2213c27c4bc629837168,clinc_nonbank,full_sequential,16,1364.001009000276,25.625,fp32_tf32_allowed,True
g_clinc_oos_228_uniform_k16_abs1,d3b0204a63c8d60267fbf44c6c34f539a472540ab65667f173183f201b37af2d,clinc_oos,full_sequential,16,1368.6451240000679,25.9501953125,fp32_tf32_allowed,True
g_clinc_oos_228_uniform_k16_abs1,d3b0204a63c8d60267fbf44c6c34f539a472540ab65667f173183f201b37af2d,clinc_oos,shared_kv_fp16,16,585.2776879992234,399.9853515625,fp32_tf32_allowed,True
g_clinc_oos_228_uniform_k16_abs1,d3b0204a63c8d60267fbf44c6c34f539a472540ab65667f173183f201b37af2d,clinc_oos,full_batch4,16,510.1250699999582,106.3671875,fp32_tf32_allowed,True
g_clinc_oos_228_uniform_k16_abs1,d3b0204a63c8d60267fbf44c6c34f539a472540ab65667f173183f201b37af2d,clinc_oos,shared_lossless,16,578.6318099999335,401.3291015625,fp32_tf32_allowed,True
