arm,mode,prefix_tokens,block_tokens,q,status,reasons,max_dp,decision_flips,diagnostic_action_flips,cached_tokens_min,required_reuse_observed,request_p50_ms,request_p95_ms,prime_p50_ms,total_with_prime_p50_ms,speedup_including_prime,warm_only_speedup
qwen35_4b__standard,cold_serial,527,528,4,QUALIFIED_MEASUREMENT,[],0.0,0,0,0,True,483.93713200005095,495.21391539999513,0.0,483.93713200005095,1.0,
qwen35_4b__standard,cold_concurrent,527,528,4,UNQUALIFIED,['DISTRIBUTION_OR_DECISION_DRIFT'],0.01598574276530429,0,5,0,True,188.389036999979,193.85636619999786,0.0,188.389036999979,,
qwen35_4b__standard,cold_staged,527,528,4,UNQUALIFIED,"['DISTRIBUTION_OR_DECISION_DRIFT', 'NO_REUSE_ON_REQUIRED_BRANCHES']",0.032935186038463016,0,1,0,False,306.7421639999566,307.79129459995147,0.0,306.7421639999566,,
qwen35_4b__standard,warm_prefix,527,528,4,UNQUALIFIED,"['DISTRIBUTION_OR_DECISION_DRIFT', 'NO_REUSE_ON_REQUIRED_BRANCHES']",0.01598574276530429,0,4,0,False,189.525107999998,193.98638740005936,62.26246500000343,254.26992199993492,,
qwen35_4b__standard,cold_serial,528,528,4,QUALIFIED_MEASUREMENT,[],0.0,0,0,0,True,472.50287100007426,479.2772564000188,0.0,472.50287100007426,1.0,
qwen35_4b__standard,cold_concurrent,528,528,4,UNQUALIFIED,['DISTRIBUTION_OR_DECISION_DRIFT'],0.01598568433350525,0,0,0,True,184.813452999947,190.54711300004783,0.0,184.813452999947,,
qwen35_4b__standard,cold_staged,528,528,4,UNQUALIFIED,['DISTRIBUTION_OR_DECISION_DRIFT'],0.018809359544670556,0,0,0,True,244.3913939999902,247.10437219996493,0.0,244.3913939999902,,
qwen35_4b__standard,warm_prefix,528,528,4,UNQUALIFIED,"['DISTRIBUTION_OR_DECISION_DRIFT', 'NO_REUSE_ON_REQUIRED_BRANCHES']",0.01598568433350525,0,0,0,False,128.79218200009745,130.5916138000157,61.158657000078165,189.95083900017562,,
qwen35_4b__standard,cold_serial,529,528,4,QUALIFIED_MEASUREMENT,[],0.0,0,0,0,True,478.43698799999856,490.50438340000255,0.0,478.43698799999856,1.0,
qwen35_4b__standard,cold_concurrent,529,528,4,UNQUALIFIED,['DISTRIBUTION_OR_DECISION_DRIFT'],0.010907559092287245,0,4,0,True,189.69805599999745,193.82191720003448,0.0,189.69805599999745,,
qwen35_4b__standard,cold_staged,529,528,4,QUALIFIED_MEASUREMENT,[],4.3732394150453047e-08,0,0,0,True,248.95437800000764,249.78137459991103,0.0,248.95437800000764,1.9217857980388033,
qwen35_4b__standard,warm_prefix,529,528,4,UNQUALIFIED,['DISTRIBUTION_OR_DECISION_DRIFT'],0.009082694414880507,0,3,528,True,133.02909799995177,135.65276100002848,83.15436999998838,215.58674799996425,,
qwen35_4b__standard,cold_serial,1056,528,4,QUALIFIED_MEASUREMENT,[],0.0,0,0,0,True,478.5067560000016,488.0909599999086,0.0,478.5067560000016,1.0,
qwen35_4b__standard,cold_concurrent,1056,528,4,UNQUALIFIED,['DISTRIBUTION_OR_DECISION_DRIFT'],0.009082692628497702,0,2,0,True,225.86846100000457,229.08524340002714,0.0,225.86846100000457,,
qwen35_4b__standard,cold_staged,1056,528,4,UNQUALIFIED,['DISTRIBUTION_OR_DECISION_DRIFT'],0.01604109820902669,0,0,0,True,246.79783900000984,249.51040619996547,0.0,246.79783900000984,,
qwen35_4b__standard,warm_prefix,1056,528,4,UNQUALIFIED,"['DISTRIBUTION_OR_DECISION_DRIFT', 'NO_REUSE_ON_REQUIRED_BRANCHES']",0.016041128955508188,0,0,0,False,130.28122000002895,133.59469719994195,62.81273100000817,192.22785100009787,,
qwen35_4b__standard,cold_serial,1057,528,4,QUALIFIED_MEASUREMENT,[],0.0,0,0,0,True,477.86196600009134,482.4393325999381,0.0,477.86196600009134,1.0,
qwen35_4b__standard,cold_concurrent,1057,528,4,UNQUALIFIED,['DISTRIBUTION_OR_DECISION_DRIFT'],0.015923364944511742,0,0,0,True,229.14680400003817,230.74308900004326,0.0,229.14680400003817,,
qwen35_4b__standard,cold_staged,1057,528,4,UNQUALIFIED,['DISTRIBUTION_OR_DECISION_DRIFT'],0.015923364944511742,0,0,0,True,249.30482999991455,255.08305239998208,0.0,249.30482999991455,,
qwen35_4b__standard,warm_prefix,1057,528,4,UNQUALIFIED,['DISTRIBUTION_OR_DECISION_DRIFT'],0.019410692224981818,0,0,1056,True,132.61085099998127,134.4697564000171,82.29359399990699,215.29908599995906,,
qwen35_moe_int4__standard,cold_serial,1055,1056,4,UNQUALIFIED,"['BASELINE_UNSTABLE_OR_NOT_COLD', 'DISTRIBUTION_OR_DECISION_DRIFT']",0.17647584220724688,0,1,0,True,978.683521999983,995.7003660000282,0.0,978.683521999983,,
qwen35_moe_int4__standard,cold_concurrent,1055,1056,4,UNQUALIFIED,"['BASELINE_UNSTABLE_OR_NOT_COLD', 'DISTRIBUTION_OR_DECISION_DRIFT']",0.14187500716726642,0,1,0,True,378.1748979999975,381.7017248000411,0.0,378.1748979999975,,
qwen35_moe_int4__standard,cold_staged,1055,1056,4,UNQUALIFIED,"['BASELINE_UNSTABLE_OR_NOT_COLD', 'DISTRIBUTION_OR_DECISION_DRIFT', 'NO_REUSE_ON_REQUIRED_BRANCHES']",0.14219999180918208,0,1,0,False,614.0186410000297,616.124136399867,0.0,614.0186410000297,,
qwen35_moe_int4__standard,warm_prefix,1055,1056,4,UNQUALIFIED,"['BASELINE_UNSTABLE_OR_NOT_COLD', 'DISTRIBUTION_OR_DECISION_DRIFT', 'NO_REUSE_ON_REQUIRED_BRANCHES']",0.0770522087133656,0,2,0,False,375.9574849998444,377.2533404000569,121.84030899993559,498.0830030001471,,
qwen35_moe_int4__standard,cold_serial,1056,1056,4,UNQUALIFIED,"['BASELINE_UNSTABLE_OR_NOT_COLD', 'DISTRIBUTION_OR_DECISION_DRIFT']",0.07462418351791522,0,3,0,True,973.4225130000596,995.421166199958,0.0,973.4225130000596,,
qwen35_moe_int4__standard,cold_concurrent,1056,1056,4,UNQUALIFIED,"['BASELINE_UNSTABLE_OR_NOT_COLD', 'DISTRIBUTION_OR_DECISION_DRIFT']",0.06058650782439945,0,3,0,True,371.4545220000218,383.80182600008084,0.0,371.4545220000218,,
qwen35_moe_int4__standard,cold_staged,1056,1056,4,UNQUALIFIED,"['BASELINE_UNSTABLE_OR_NOT_COLD', 'DISTRIBUTION_OR_DECISION_DRIFT']",0.059967722557730196,0,1,0,True,500.2453729998706,519.2997715998899,0.0,500.2453729998706,,
qwen35_moe_int4__standard,warm_prefix,1056,1056,4,UNQUALIFIED,"['BASELINE_UNSTABLE_OR_NOT_COLD', 'DISTRIBUTION_OR_DECISION_DRIFT', 'NO_REUSE_ON_REQUIRED_BRANCHES']",0.04625358527748735,0,0,0,False,252.4398799998835,258.6644974000592,122.01481900001454,375.88208199986184,,
qwen35_moe_int4__standard,cold_serial,1057,1056,4,UNQUALIFIED,"['BASELINE_UNSTABLE_OR_NOT_COLD', 'DISTRIBUTION_OR_DECISION_DRIFT']",0.08155114729150137,0,2,0,True,989.4799009998678,1002.3788581999725,0.0,989.4799009998678,,
qwen35_moe_int4__standard,cold_concurrent,1057,1056,4,UNQUALIFIED,"['BASELINE_UNSTABLE_OR_NOT_COLD', 'DISTRIBUTION_OR_DECISION_DRIFT']",0.11533774158311128,0,2,0,True,377.546940000002,385.42684919998464,0.0,377.546940000002,,
qwen35_moe_int4__standard,cold_staged,1057,1056,4,UNQUALIFIED,"['BASELINE_UNSTABLE_OR_NOT_COLD', 'DISTRIBUTION_OR_DECISION_DRIFT']",0.06586093537062665,0,2,0,True,504.22347200014883,527.8802825999264,0.0,504.22347200014883,,
qwen35_moe_int4__standard,warm_prefix,1057,1056,4,UNQUALIFIED,"['BASELINE_UNSTABLE_OR_NOT_COLD', 'DISTRIBUTION_OR_DECISION_DRIFT']",0.09814178638629556,0,3,1056,True,263.44651099998373,269.5937614000286,144.44004300003144,408.2804820000092,,
qwen35_moe_int4__standard,cold_serial,2112,1056,4,UNQUALIFIED,"['BASELINE_UNSTABLE_OR_NOT_COLD', 'DISTRIBUTION_OR_DECISION_DRIFT']",0.09306843946249244,0,2,0,True,981.183283000064,995.6089600000269,0.0,981.183283000064,,
qwen35_moe_int4__standard,cold_concurrent,2112,1056,4,UNQUALIFIED,"['BASELINE_UNSTABLE_OR_NOT_COLD', 'DISTRIBUTION_OR_DECISION_DRIFT']",0.1124046013274762,0,5,0,True,493.1814960000338,503.5697210001217,0.0,493.1814960000338,,
qwen35_moe_int4__standard,cold_staged,2112,1056,4,UNQUALIFIED,"['BASELINE_UNSTABLE_OR_NOT_COLD', 'DISTRIBUTION_OR_DECISION_DRIFT']",0.0890978208914519,0,4,0,True,506.9319680001172,515.6273401999897,0.0,506.9319680001172,,
qwen35_moe_int4__standard,warm_prefix,2112,1056,4,UNQUALIFIED,"['BASELINE_UNSTABLE_OR_NOT_COLD', 'DISTRIBUTION_OR_DECISION_DRIFT', 'NO_REUSE_ON_REQUIRED_BRANCHES']",0.09110909836826686,0,3,0,False,258.1231280000793,263.08900859999085,125.89670600004865,383.4719300002689,,
qwen35_moe_int4__standard,cold_serial,2113,1056,4,UNQUALIFIED,"['BASELINE_UNSTABLE_OR_NOT_COLD', 'DISTRIBUTION_OR_DECISION_DRIFT']",0.03921417294349361,0,1,0,True,967.0150090000789,984.0944047999983,0.0,967.0150090000789,,
qwen35_moe_int4__standard,cold_concurrent,2113,1056,4,UNQUALIFIED,"['BASELINE_UNSTABLE_OR_NOT_COLD', 'DISTRIBUTION_OR_DECISION_DRIFT']",0.021575666259425794,0,2,0,True,490.2195649999612,490.97489840005437,0.0,490.2195649999612,,
qwen35_moe_int4__standard,cold_staged,2113,1056,4,UNQUALIFIED,"['BASELINE_UNSTABLE_OR_NOT_COLD', 'DISTRIBUTION_OR_DECISION_DRIFT']",0.04541284801741885,0,4,0,True,501.7022960000759,504.44646480009396,0.0,501.7022960000759,,
qwen35_moe_int4__standard,warm_prefix,2113,1056,4,UNQUALIFIED,"['BASELINE_UNSTABLE_OR_NOT_COLD', 'DISTRIBUTION_OR_DECISION_DRIFT']",0.060419906606236196,0,0,2112,True,265.8970039999531,268.8888386001054,146.52700100009497,412.1150610001223,,
