run,architecture,split,variant,temperature,accuracy_ci_low,accuracy_ci_high,n,accuracy,macro_f1,nll,brier_sum_classes,ece_toplabel_15bins
last_linear_seed17,linear,test_matched,raw,1.0,0.847475,0.891,1000,0.87,0.8673346986157608,0.34002999885611007,0.1924995922574222,0.019406256955221045
last_linear_seed17,linear,test_matched,temperature_scaled,0.9816092437574543,0.847475,0.891,1000,0.87,0.8673346986157608,0.339545762547301,0.19236900128972623,0.0159982223232532
last_linear_seed17,linear,test_matched,gate_selected,1.0,0.847475,0.891,1000,0.87,0.8673346986157608,0.34002999885611007,0.1924995922574222,0.019406256955221045
last_linear_seed17,linear,test_mismatched,raw,1.0,0.868,0.909,1000,0.888,0.8865656309774975,0.32461230472215397,0.17891187291361638,0.024679732705345372
last_linear_seed17,linear,test_mismatched,temperature_scaled,0.9816092437574543,0.868,0.909,1000,0.888,0.8865656309774975,0.32414835529216135,0.1787187609331764,0.02308997344329035
last_linear_seed17,linear,test_mismatched,gate_selected,1.0,0.868,0.909,1000,0.888,0.8865656309774975,0.32461230472215397,0.17891187291361638,0.024679732705345372
last_linear_seed29,linear,test_matched,raw,1.0,0.842,0.88505,1000,0.864,0.8612099691486877,0.3312058515378618,0.18845946070374334,0.022928867362736836
last_linear_seed29,linear,test_matched,temperature_scaled,0.9843197342960929,0.842,0.88505,1000,0.864,0.8612099691486877,0.33072466329784705,0.18839392054419804,0.024584396730672448
last_linear_seed29,linear,test_matched,gate_selected,1.0,0.842,0.88505,1000,0.864,0.8612099691486877,0.3312058515378618,0.18845946070374334,0.022928867362736836
last_linear_seed29,linear,test_mismatched,raw,1.0,0.863,0.902525,1000,0.883,0.8811999244028247,0.3203985824867042,0.17588593227760163,0.02612461898794559
last_linear_seed29,linear,test_mismatched,temperature_scaled,0.9843197342960929,0.863,0.902525,1000,0.883,0.8811999244028247,0.3198799715619168,0.1756857884058324,0.025192590378006866
last_linear_seed29,linear,test_mismatched,gate_selected,1.0,0.863,0.902525,1000,0.883,0.8811999244028247,0.3203985824867042,0.17588593227760163,0.02612461898794559
last_linear_seed43,linear,test_matched,raw,1.0,0.851,0.893,1000,0.872,0.8691021829322878,0.33222017960270955,0.1876575525643321,0.018378381659762518
last_linear_seed43,linear,test_matched,temperature_scaled,1.0192837297530906,0.851,0.893,1000,0.872,0.8691021829322878,0.33269464052050945,0.18782996909128552,0.018047904179954753
last_linear_seed43,linear,test_matched,gate_selected,1.0,0.851,0.893,1000,0.872,0.8691021829322878,0.33222017960270955,0.1876575525643321,0.018378381659762518
last_linear_seed43,linear,test_mismatched,raw,1.0,0.87,0.909525,1000,0.89,0.8881878345890198,0.3220169001883014,0.17671711073251153,0.027277899940924208
last_linear_seed43,linear,test_mismatched,temperature_scaled,1.0192837297530906,0.87,0.909525,1000,0.89,0.8881878345890198,0.3224504071701301,0.17688656028683522,0.02328888550196783
last_linear_seed43,linear,test_mismatched,gate_selected,1.0,0.87,0.909525,1000,0.89,0.8881878345890198,0.3220169001883014,0.17671711073251153,0.027277899940924208
last_mlp_seed17,mlp,test_matched,raw,1.0,0.854475,0.896,1000,0.876,0.8743091366396906,0.31654390538260346,0.1808399439422161,0.02747389755513559
last_mlp_seed17,mlp,test_matched,temperature_scaled,1.1735136145889473,0.854475,0.896,1000,0.876,0.8743091366396906,0.31809596627369163,0.18103836594184192,0.024960855777914338
last_mlp_seed17,mlp,test_matched,gate_selected,1.1735136145889473,0.854475,0.896,1000,0.876,0.8743091366396906,0.31809596627369163,0.18103836594184192,0.024960855777914338
last_mlp_seed17,mlp,test_mismatched,raw,1.0,0.852,0.896,1000,0.876,0.8742545107485915,0.3231475149416115,0.18396403421133936,0.029098871742108824
last_mlp_seed17,mlp,test_mismatched,temperature_scaled,1.1735136145889473,0.852,0.896,1000,0.876,0.8742545107485915,0.32077491652249285,0.18324122785892916,0.016780105102076722
last_mlp_seed17,mlp,test_mismatched,gate_selected,1.1735136145889473,0.852,0.896,1000,0.876,0.8742545107485915,0.32077491652249285,0.18324122785892916,0.016780105102076722
last_mlp_seed29,mlp,test_matched,raw,1.0,0.863,0.903,1000,0.883,0.879533158469802,0.3170392619703556,0.1797764394514776,0.022130576590618158
last_mlp_seed29,mlp,test_matched,temperature_scaled,1.0810622470981712,0.863,0.903,1000,0.883,0.879533158469802,0.31861334467020447,0.1802500329301153,0.022542673240610024
last_mlp_seed29,mlp,test_matched,gate_selected,1.0,0.863,0.903,1000,0.883,0.879533158469802,0.3170392619703556,0.1797764394514776,0.022130576590618158
last_mlp_seed29,mlp,test_mismatched,raw,1.0,0.860475,0.901525,1000,0.881,0.8791835675201222,0.3206637455209535,0.1796184961813082,0.025616964633494846
last_mlp_seed29,mlp,test_mismatched,temperature_scaled,1.0810622470981712,0.860475,0.901525,1000,0.881,0.8791835675201222,0.32071330260054376,0.1799313130859048,0.01773777838995059
last_mlp_seed29,mlp,test_mismatched,gate_selected,1.0,0.860475,0.901525,1000,0.881,0.8791835675201222,0.3206637455209535,0.1796184961813082,0.025616964633494846
last_mlp_seed43,mlp,test_matched,raw,1.0,0.858,0.899525,1000,0.878,0.8751085413256486,0.31813611228417266,0.17855644596637393,0.023679241989767116
last_mlp_seed43,mlp,test_matched,temperature_scaled,1.162245066802482,0.858,0.899525,1000,0.878,0.8751085413256486,0.31968588441422674,0.17893838339396945,0.0231916497046728
last_mlp_seed43,mlp,test_matched,gate_selected,1.162245066802482,0.858,0.899525,1000,0.878,0.8751085413256486,0.31968588441422674,0.17893838339396945,0.0231916497046728
last_mlp_seed43,mlp,test_mismatched,raw,1.0,0.855,0.897,1000,0.876,0.873327617604606,0.32532014730964015,0.18195158043734874,0.02937444450663972
last_mlp_seed43,mlp,test_mismatched,temperature_scaled,1.162245066802482,0.855,0.897,1000,0.876,0.873327617604606,0.3224502922998536,0.18103300426551597,0.017030200183069333
last_mlp_seed43,mlp,test_mismatched,gate_selected,1.162245066802482,0.855,0.897,1000,0.876,0.873327617604606,0.3224502922998536,0.18103300426551597,0.017030200183069333
