arm,family,n,correct
native,arithmetic,8,3
native,composition,8,5
native,policy,8,6
native,temporal,8,4
half_topk,arithmetic,8,3
half_topk,composition,8,4
half_topk,policy,8,4
half_topk,temporal,8,2
top1,arithmetic,8,2
top1,composition,8,5
top1,policy,8,4
top1,temporal,8,2
allowlist_50pct,arithmetic,8,2
allowlist_50pct,composition,8,4
allowlist_50pct,policy,8,4
allowlist_50pct,temporal,8,2
skip_late_moe,arithmetic,8,4
skip_late_moe,composition,8,5
skip_late_moe,policy,8,4
skip_late_moe,temporal,8,4
shared_only,arithmetic,8,2
shared_only,composition,8,1
shared_only,policy,8,3
shared_only,temporal,8,5
native_repeat,arithmetic,8,3
native_repeat,composition,8,5
native_repeat,policy,8,6
native_repeat,temporal,8,4
