precision,seqs,anchor_id,readout,cache,batch,intervention,repeat,max_dp,field_flips,action_flips,passed,pre_repeat_passed,post_repeat_passed,cache_pre,cache_post
BF16,3,native-calibration-10,natural,False,4,json,1,0.0,0,0,True,True,True,0,0
Q4_K_M,24,native-calibration-1,natural,True,4,noop,1,0.0,0,0,True,True,True,315,315
Q4_K_M,3,native-calibration-1,natural,False,1,json,1,0.0,0,0,True,True,True,0,0
BF16,3,native-calibration-9,indexed,False,1,json,1,0.0,0,0,True,True,True,0,0
BF16,24,native-calibration-9,natural,True,1,json,1,0.0,0,0,True,True,True,315,315
Q4_K_M,24,native-calibration-10,indexed,False,1,json,0,0.0,0,0,True,True,True,0,0
Q4_K_M,24,native-calibration-2,natural,False,1,unrelated,0,0.0,0,0,True,True,True,0,0
Q4_K_M,3,native-calibration-11,natural,False,1,noop,1,0.0,0,0,True,True,True,0,0
BF16,3,native-calibration-9,indexed,True,1,noop,1,0.0,0,0,True,True,True,508,508
BF16,3,native-calibration-1,natural,True,4,json,1,0.0,0,0,True,True,True,315,315
BF16,3,native-calibration-11,natural,True,1,noop,0,0.0,0,0,True,True,True,315,315
Q4_K_M,3,native-calibration-1,natural,False,1,unrelated,0,0.0,0,0,True,True,True,0,0
Q4_K_M,24,native-calibration-9,natural,True,4,noop,0,0.0,0,0,True,True,True,315,315
BF16,3,native-calibration-0,natural,False,4,noop,1,0.0,0,0,True,True,True,0,0
Q4_K_M,24,native-calibration-10,indexed,True,1,unrelated,1,0.0,0,0,True,True,True,508,508
BF16,24,native-calibration-10,natural,True,1,json,0,0.0,0,0,True,True,True,315,315
BF16,24,native-calibration-2,natural,True,4,json,1,0.0,0,0,True,True,True,315,315
Q4_K_M,24,native-calibration-0,indexed,True,4,unrelated,0,0.0,0,0,True,True,True,508,508
BF16,3,native-calibration-2,natural,False,4,json,1,0.0,0,0,True,True,True,0,0
BF16,24,native-calibration-1,natural,False,1,noop,1,0.0,0,0,True,True,True,0,0
Q4_K_M,24,native-calibration-10,natural,False,1,unrelated,1,0.0,0,0,True,True,True,0,0
Q4_K_M,24,native-calibration-10,indexed,False,4,json,1,0.0,0,0,True,True,True,0,0
Q4_K_M,3,native-calibration-1,natural,True,4,json,1,0.0,0,0,True,True,True,315,315
Q4_K_M,24,native-calibration-1,natural,True,1,unrelated,0,0.0,0,0,True,True,True,315,315
BF16,3,native-calibration-0,indexed,False,4,unrelated,0,0.0,0,0,True,True,True,0,0
BF16,3,native-calibration-2,natural,False,4,noop,1,0.0,0,0,True,True,True,0,0
BF16,3,native-calibration-0,natural,False,1,noop,0,0.0,0,0,True,True,True,0,0
Q4_K_M,24,native-calibration-1,natural,False,4,noop,0,0.0,0,0,True,True,True,0,0
Q4_K_M,3,native-calibration-10,indexed,True,1,noop,0,0.0,0,0,True,True,True,508,508
BF16,3,native-calibration-2,indexed,False,4,json,1,0.0,0,0,True,True,True,0,0
Q4_K_M,3,native-calibration-9,indexed,False,4,json,1,0.0,0,0,True,True,True,0,0
BF16,24,native-calibration-11,natural,False,1,noop,0,0.0,0,0,True,True,True,0,0
Q4_K_M,24,native-calibration-1,natural,True,1,json,0,0.0,0,0,True,True,True,315,315
Q4_K_M,24,native-calibration-11,natural,False,1,json,0,0.0,0,0,True,True,True,0,0
Q4_K_M,24,native-calibration-2,indexed,True,4,unrelated,1,0.0,0,0,True,True,True,508,508
Q4_K_M,3,native-calibration-1,indexed,False,1,json,1,0.0,0,0,True,True,True,0,0
Q4_K_M,3,native-calibration-1,natural,True,1,noop,0,0.0,0,0,True,True,True,315,315
Q4_K_M,3,native-calibration-1,indexed,True,1,unrelated,0,0.0,0,0,True,True,True,508,508
BF16,24,native-calibration-1,natural,False,4,unrelated,1,0.0,0,0,True,True,True,0,0
Q4_K_M,24,native-calibration-1,indexed,False,1,noop,1,0.0,0,0,True,True,True,0,0
BF16,3,native-calibration-0,natural,False,4,noop,0,0.0,0,0,True,True,True,0,0
BF16,3,native-calibration-1,indexed,False,1,json,0,0.0,0,0,True,True,True,0,0
Q4_K_M,24,native-calibration-0,indexed,False,4,noop,1,0.0,0,0,True,True,True,0,0
Q4_K_M,3,native-calibration-10,indexed,False,1,unrelated,1,0.0,0,0,True,True,True,0,0
BF16,24,native-calibration-11,indexed,False,4,noop,1,0.0,0,0,True,True,True,0,0
BF16,24,native-calibration-1,natural,True,4,unrelated,0,0.0,0,0,True,True,True,315,315
Q4_K_M,3,native-calibration-9,natural,False,4,unrelated,0,0.0,0,0,True,True,True,0,0
Q4_K_M,3,native-calibration-0,natural,True,4,noop,1,0.0,0,0,True,True,True,315,315
BF16,24,native-calibration-10,natural,False,4,noop,0,0.0,0,0,True,True,True,0,0
Q4_K_M,24,native-calibration-1,natural,False,1,json,0,0.0,0,0,True,True,True,0,0
BF16,3,native-calibration-10,natural,False,4,noop,1,0.0,0,0,True,True,True,0,0
Q4_K_M,3,native-calibration-10,indexed,False,4,unrelated,0,0.0,0,0,True,True,True,0,0
Q4_K_M,3,native-calibration-10,natural,True,4,noop,1,0.0,0,0,True,True,True,315,315
BF16,3,native-calibration-9,indexed,True,4,noop,0,0.0,0,0,True,True,True,508,508
BF16,3,native-calibration-0,indexed,False,1,noop,1,0.0,0,0,True,True,True,0,0
BF16,24,native-calibration-9,natural,False,1,unrelated,0,0.0,0,0,True,True,True,0,0
BF16,3,native-calibration-1,indexed,False,4,json,0,0.0,0,0,True,True,True,0,0
BF16,3,native-calibration-10,indexed,False,1,unrelated,1,0.0,0,0,True,True,True,0,0
BF16,3,native-calibration-9,natural,True,1,unrelated,0,0.0,0,0,True,True,True,315,315
Q4_K_M,3,native-calibration-2,natural,True,1,unrelated,0,0.0,0,0,True,True,True,315,315
Q4_K_M,24,native-calibration-1,natural,True,1,noop,0,0.0,0,0,True,True,True,315,315
Q4_K_M,3,native-calibration-11,natural,True,1,unrelated,0,0.0,0,0,True,True,True,315,315
BF16,3,native-calibration-2,indexed,False,4,unrelated,0,0.0,0,0,True,True,True,0,0
BF16,24,native-calibration-1,indexed,False,1,unrelated,0,0.0,0,0,True,True,True,0,0
Q4_K_M,3,native-calibration-11,indexed,False,4,unrelated,1,0.0,0,0,True,True,True,0,0
Q4_K_M,24,native-calibration-0,natural,False,4,noop,0,0.0,0,0,True,True,True,0,0
Q4_K_M,24,native-calibration-11,natural,True,4,unrelated,1,0.0,0,0,True,True,True,315,315
Q4_K_M,3,native-calibration-2,indexed,False,4,json,1,0.0,0,0,True,True,True,0,0
Q4_K_M,3,native-calibration-1,indexed,True,4,noop,0,0.0,0,0,True,True,True,508,508
BF16,24,native-calibration-10,natural,True,4,json,0,0.0,0,0,True,True,True,315,315
BF16,24,native-calibration-9,natural,False,4,unrelated,1,0.0,0,0,True,True,True,0,0
BF16,24,native-calibration-10,natural,False,4,json,0,0.0,0,0,True,True,True,0,0
Q4_K_M,3,native-calibration-9,indexed,True,4,json,0,0.0,0,0,True,True,True,508,508
Q4_K_M,3,native-calibration-11,indexed,False,4,noop,1,0.0,0,0,True,True,True,0,0
Q4_K_M,3,native-calibration-9,indexed,True,1,unrelated,0,0.0,0,0,True,True,True,508,508
BF16,3,native-calibration-1,indexed,True,4,json,1,0.00400853157043457,0,0,True,True,True,508,508
Q4_K_M,24,native-calibration-9,indexed,False,1,unrelated,1,0.0,0,0,True,True,True,0,0
Q4_K_M,3,native-calibration-2,natural,False,1,unrelated,1,0.0,0,0,True,True,True,0,0
Q4_K_M,3,native-calibration-1,indexed,True,4,unrelated,0,0.0,0,0,True,True,True,508,508
BF16,24,native-calibration-1,natural,True,1,unrelated,1,0.0,0,0,True,True,True,315,315
Q4_K_M,24,native-calibration-11,indexed,True,1,unrelated,1,0.0,0,0,True,True,True,508,508
BF16,24,native-calibration-1,indexed,False,1,json,0,0.0,0,0,True,True,True,0,0
BF16,3,native-calibration-1,indexed,False,4,unrelated,0,0.0,0,0,True,True,True,0,0
BF16,3,native-calibration-11,indexed,False,4,json,1,0.0,0,0,True,True,True,0,0
BF16,3,native-calibration-1,natural,True,4,noop,1,0.0,0,0,True,True,True,315,315
Q4_K_M,24,native-calibration-10,natural,False,1,unrelated,0,0.0,0,0,True,True,True,0,0
BF16,3,native-calibration-9,natural,True,4,unrelated,1,0.0,0,0,True,True,True,315,315
Q4_K_M,24,native-calibration-11,natural,True,1,noop,1,0.0,0,0,True,True,True,315,315
BF16,24,native-calibration-10,natural,True,4,json,1,0.0,0,0,True,True,True,315,315
Q4_K_M,24,native-calibration-2,indexed,True,1,unrelated,0,0.0,0,0,True,True,True,508,508
Q4_K_M,3,native-calibration-2,natural,False,1,json,1,0.0,0,0,True,True,True,0,0
BF16,3,native-calibration-10,natural,True,4,noop,0,0.0,0,0,True,True,True,315,315
Q4_K_M,24,native-calibration-11,indexed,True,1,unrelated,0,0.0,0,0,True,True,True,508,508
Q4_K_M,24,native-calibration-11,indexed,True,4,json,1,0.0,0,0,True,True,True,508,508
Q4_K_M,24,native-calibration-1,natural,False,1,json,1,0.0,0,0,True,True,True,0,0
Q4_K_M,3,native-calibration-2,indexed,True,1,json,0,0.0,0,0,True,True,True,508,508
Q4_K_M,24,native-calibration-9,indexed,False,4,noop,1,0.0,0,0,True,True,True,0,0
BF16,24,native-calibration-2,natural,True,1,json,1,0.0,0,0,True,True,True,315,315
BF16,3,native-calibration-11,natural,False,1,noop,0,0.0,0,0,True,True,True,0,0
BF16,24,native-calibration-11,indexed,False,4,json,0,0.0,0,0,True,True,True,0,0
BF16,3,native-calibration-2,indexed,True,4,json,0,0.0,0,0,True,True,True,508,508
BF16,3,native-calibration-1,indexed,False,1,unrelated,1,0.0,0,0,True,True,True,0,0
Q4_K_M,24,native-calibration-10,indexed,False,4,noop,0,0.0,0,0,True,True,True,0,0
BF16,3,native-calibration-9,indexed,True,1,unrelated,0,0.0,0,0,True,True,True,508,508
BF16,3,native-calibration-0,natural,True,4,json,0,0.0,0,0,True,True,True,315,315
BF16,24,native-calibration-10,indexed,True,1,json,1,0.0,0,0,True,True,True,508,508
Q4_K_M,24,native-calibration-9,natural,True,1,unrelated,1,0.0,0,0,True,True,True,315,315
Q4_K_M,3,native-calibration-0,indexed,False,4,noop,0,0.0,0,0,True,True,True,0,0
BF16,3,native-calibration-11,natural,True,1,unrelated,1,0.0,0,0,True,True,True,315,315
Q4_K_M,24,native-calibration-9,indexed,False,1,json,0,0.0,0,0,True,True,True,0,0
BF16,24,native-calibration-11,natural,False,1,json,0,0.0,0,0,True,True,True,0,0
Q4_K_M,24,native-calibration-10,natural,True,4,unrelated,1,0.0,0,0,True,True,True,315,315
Q4_K_M,24,native-calibration-0,indexed,False,1,noop,1,0.0,0,0,True,True,True,0,0
BF16,24,native-calibration-9,indexed,False,4,noop,1,0.0,0,0,True,True,True,0,0
Q4_K_M,24,native-calibration-9,natural,True,4,noop,1,0.0,0,0,True,True,True,315,315
Q4_K_M,24,native-calibration-2,indexed,False,1,json,0,0.0,0,0,True,True,True,0,0
Q4_K_M,24,native-calibration-10,indexed,True,1,json,0,0.0,0,0,True,True,True,508,508
Q4_K_M,3,native-calibration-11,natural,True,4,unrelated,1,0.0,0,0,True,True,True,315,315
Q4_K_M,24,native-calibration-9,natural,False,1,unrelated,1,0.0,0,0,True,True,True,0,0
Q4_K_M,3,native-calibration-10,indexed,False,1,json,1,0.0,0,0,True,True,True,0,0
Q4_K_M,24,native-calibration-0,indexed,False,1,unrelated,0,0.0,0,0,True,True,True,0,0
Q4_K_M,24,native-calibration-2,indexed,True,1,noop,0,0.0,0,0,True,True,True,508,508
BF16,24,native-calibration-10,natural,False,4,noop,1,0.0,0,0,True,True,True,0,0
BF16,24,native-calibration-1,indexed,True,4,json,0,0.0,0,0,True,True,True,508,508
BF16,24,native-calibration-0,natural,False,1,unrelated,0,0.0,0,0,True,True,True,0,0
BF16,3,native-calibration-10,indexed,False,4,noop,0,0.0,0,0,True,True,True,0,0
Q4_K_M,24,native-calibration-10,natural,True,4,json,0,0.0,0,0,True,True,True,315,315
Q4_K_M,24,native-calibration-9,indexed,False,1,noop,1,0.0,0,0,True,True,True,0,0
BF16,24,native-calibration-0,natural,False,4,noop,1,0.0,0,0,True,True,True,0,0
BF16,24,native-calibration-2,natural,True,4,unrelated,0,0.0,0,0,True,True,True,315,315
Q4_K_M,24,native-calibration-10,indexed,False,4,json,0,0.0,0,0,True,True,True,0,0
BF16,3,native-calibration-9,natural,False,1,unrelated,1,0.0,0,0,True,True,True,0,0
BF16,3,native-calibration-2,natural,False,4,unrelated,0,0.0,0,0,True,True,True,0,0
Q4_K_M,3,native-calibration-9,natural,True,4,unrelated,1,0.0,0,0,True,True,True,315,315
Q4_K_M,24,native-calibration-0,indexed,True,4,unrelated,1,0.0,0,0,True,True,True,508,508
Q4_K_M,24,native-calibration-9,indexed,True,4,unrelated,0,0.0,0,0,True,True,True,508,508
Q4_K_M,3,native-calibration-10,natural,False,4,unrelated,1,0.0,0,0,True,True,True,0,0
BF16,3,native-calibration-0,indexed,True,1,unrelated,0,0.0,0,0,True,True,True,508,508
Q4_K_M,24,native-calibration-1,indexed,False,4,json,0,0.0,0,0,True,True,True,0,0
BF16,3,native-calibration-2,indexed,False,1,unrelated,0,0.0,0,0,True,True,True,0,0
Q4_K_M,24,native-calibration-11,indexed,False,1,unrelated,1,0.0,0,0,True,True,True,0,0
Q4_K_M,24,native-calibration-11,indexed,True,1,noop,1,0.0,0,0,True,True,True,508,508
Q4_K_M,3,native-calibration-2,indexed,False,4,noop,1,0.0,0,0,True,True,True,0,0
BF16,3,native-calibration-11,natural,True,1,noop,1,0.0,0,0,True,True,True,315,315
BF16,24,native-calibration-10,indexed,True,4,unrelated,1,0.0,0,0,True,True,True,508,508
Q4_K_M,24,native-calibration-1,indexed,False,4,unrelated,0,0.0,0,0,True,True,True,0,0
BF16,24,native-calibration-0,indexed,False,1,noop,1,0.0,0,0,True,True,True,0,0
Q4_K_M,24,native-calibration-0,natural,False,1,unrelated,1,0.0,0,0,True,True,True,0,0
BF16,3,native-calibration-0,indexed,False,1,unrelated,1,0.0,0,0,True,True,True,0,0
BF16,24,native-calibration-11,indexed,True,1,json,0,0.0,0,0,True,True,True,508,508
BF16,24,native-calibration-9,indexed,True,1,noop,0,0.0,0,0,True,True,True,508,508
BF16,3,native-calibration-10,natural,False,1,unrelated,0,0.0,0,0,True,True,True,0,0
BF16,24,native-calibration-1,natural,False,1,unrelated,0,0.0,0,0,True,True,True,0,0
BF16,24,native-calibration-2,natural,False,1,json,0,0.0,0,0,True,True,True,0,0
BF16,24,native-calibration-11,natural,False,4,noop,0,0.0,0,0,True,True,True,0,0
BF16,24,native-calibration-0,indexed,False,1,json,0,0.0,0,0,True,True,True,0,0
BF16,24,native-calibration-9,indexed,False,4,json,0,0.0,0,0,True,True,True,0,0
Q4_K_M,3,native-calibration-0,indexed,True,4,noop,0,0.0,0,0,True,True,True,508,508
BF16,3,native-calibration-9,natural,True,4,noop,0,0.0,0,0,True,True,True,315,315
Q4_K_M,24,native-calibration-10,natural,True,1,unrelated,0,0.0,0,0,True,True,True,315,315
Q4_K_M,24,native-calibration-2,natural,False,4,unrelated,0,0.0,0,0,True,True,True,0,0
BF16,3,native-calibration-10,natural,True,1,json,0,0.0,0,0,True,True,True,315,315
Q4_K_M,24,native-calibration-11,indexed,True,1,json,0,0.0,0,0,True,True,True,508,508
BF16,3,native-calibration-11,indexed,True,1,noop,0,0.0,0,0,True,True,True,508,508
BF16,24,native-calibration-10,indexed,True,1,unrelated,1,0.0,0,0,True,True,True,508,508
Q4_K_M,3,native-calibration-1,natural,False,4,noop,0,0.0,0,0,True,True,True,0,0
BF16,3,native-calibration-9,natural,True,4,json,0,0.0,0,0,True,True,True,315,315
BF16,3,native-calibration-10,natural,True,4,unrelated,1,0.0,0,0,True,True,True,315,315
BF16,3,native-calibration-0,natural,False,1,json,1,0.0,0,0,True,True,True,0,0
Q4_K_M,3,native-calibration-2,indexed,True,1,noop,0,0.0,0,0,True,True,True,508,508
Q4_K_M,24,native-calibration-11,indexed,False,4,json,1,0.0,0,0,True,True,True,0,0
Q4_K_M,24,native-calibration-2,indexed,True,4,json,1,0.0,0,0,True,True,True,508,508
Q4_K_M,24,native-calibration-9,indexed,True,4,noop,0,0.0,0,0,True,True,True,508,508
BF16,24,native-calibration-9,indexed,True,1,json,1,0.0,0,0,True,True,True,508,508
Q4_K_M,3,native-calibration-9,indexed,True,4,json,1,0.0,0,0,True,True,True,508,508
Q4_K_M,24,native-calibration-10,natural,True,1,json,0,0.0,0,0,True,True,True,315,315
Q4_K_M,3,native-calibration-10,natural,False,1,noop,1,0.0,0,0,True,True,True,0,0
BF16,3,native-calibration-11,indexed,True,4,noop,1,0.0,0,0,True,True,True,508,508
BF16,24,native-calibration-10,natural,False,1,unrelated,0,0.0,0,0,True,True,True,0,0
Q4_K_M,3,native-calibration-0,natural,True,4,unrelated,0,0.0,0,0,True,True,True,315,315
Q4_K_M,3,native-calibration-2,natural,True,1,noop,1,0.0,0,0,True,True,True,315,315
BF16,3,native-calibration-0,indexed,False,1,json,0,0.0,0,0,True,True,True,0,0
Q4_K_M,3,native-calibration-11,natural,False,4,json,0,0.0,0,0,True,True,True,0,0
Q4_K_M,3,native-calibration-11,indexed,False,1,unrelated,1,0.0,0,0,True,True,True,0,0
Q4_K_M,24,native-calibration-9,natural,True,1,noop,1,0.0,0,0,True,True,True,315,315
BF16,3,native-calibration-0,natural,True,1,unrelated,0,0.0,0,0,True,True,True,315,315
BF16,24,native-calibration-1,indexed,False,4,noop,0,0.0,0,0,True,True,True,0,0
BF16,24,native-calibration-10,indexed,True,4,json,0,0.0,0,0,True,True,True,508,508
BF16,3,native-calibration-1,indexed,False,1,noop,1,0.0,0,0,True,True,True,0,0
BF16,24,native-calibration-10,natural,True,4,unrelated,1,0.0,0,0,True,True,True,315,315
BF16,24,native-calibration-10,natural,False,1,json,0,0.0,0,0,True,True,True,0,0
Q4_K_M,24,native-calibration-1,indexed,True,4,unrelated,1,0.0,0,0,True,True,True,508,508
BF16,24,native-calibration-2,natural,True,1,unrelated,0,0.0,0,0,True,True,True,315,315
Q4_K_M,3,native-calibration-10,indexed,True,4,noop,0,0.0,0,0,True,True,True,508,508
BF16,24,native-calibration-10,natural,False,1,noop,0,0.0,0,0,True,True,True,0,0
Q4_K_M,24,native-calibration-9,indexed,False,4,unrelated,0,0.0,0,0,True,True,True,0,0
Q4_K_M,3,native-calibration-0,indexed,False,1,noop,1,0.0,0,0,True,True,True,0,0
Q4_K_M,3,native-calibration-9,natural,True,4,noop,0,0.0,0,0,True,True,True,315,315
BF16,24,native-calibration-1,indexed,True,1,noop,0,0.0,0,0,True,True,True,508,508
BF16,24,native-calibration-1,indexed,False,1,noop,1,0.0,0,0,True,True,True,0,0
BF16,3,native-calibration-10,natural,True,1,json,1,0.0,0,0,True,True,True,315,315
BF16,24,native-calibration-11,natural,False,1,json,1,0.0,0,0,True,True,True,0,0
BF16,24,native-calibration-11,natural,True,4,noop,0,0.0,0,0,True,True,True,315,315
Q4_K_M,3,native-calibration-11,indexed,True,1,noop,0,0.0,0,0,True,True,True,508,508
BF16,3,native-calibration-10,natural,True,4,json,1,0.0,0,0,True,True,True,315,315
Q4_K_M,24,native-calibration-9,indexed,False,1,noop,0,0.0,0,0,True,True,True,0,0
Q4_K_M,3,native-calibration-11,natural,True,1,noop,1,0.0,0,0,True,True,True,315,315
BF16,3,native-calibration-0,natural,False,1,json,0,0.0010131336748600006,0,0,True,True,True,0,0
Q4_K_M,3,native-calibration-9,indexed,True,1,unrelated,1,0.0,0,0,True,True,True,508,508
BF16,3,native-calibration-10,natural,True,4,noop,1,0.0,0,0,True,True,True,315,315
BF16,24,native-calibration-1,indexed,True,4,noop,1,0.0,0,0,True,True,True,508,508
BF16,3,native-calibration-2,indexed,True,1,json,0,0.0,0,0,True,True,True,508,508
Q4_K_M,3,native-calibration-2,indexed,False,1,unrelated,1,0.0,0,0,True,True,True,0,0
BF16,24,native-calibration-1,indexed,True,4,unrelated,0,0.0,0,0,True,True,True,508,508
BF16,24,native-calibration-0,indexed,True,4,unrelated,1,0.0,0,0,True,True,True,508,508
Q4_K_M,24,native-calibration-0,indexed,False,1,json,0,0.0,0,0,True,True,True,0,0
BF16,3,native-calibration-9,indexed,False,1,unrelated,1,0.0,0,0,True,True,True,0,0
Q4_K_M,24,native-calibration-11,indexed,False,1,unrelated,0,0.0,0,0,True,True,True,0,0
Q4_K_M,24,native-calibration-2,indexed,False,1,json,1,0.0,0,0,True,True,True,0,0
Q4_K_M,24,native-calibration-0,natural,True,1,noop,0,0.0,0,0,True,True,True,315,315
BF16,3,native-calibration-0,indexed,True,1,noop,0,0.0,0,0,True,True,True,508,508
BF16,24,native-calibration-10,natural,True,4,noop,0,0.0,0,0,True,True,True,315,315
Q4_K_M,3,native-calibration-2,natural,False,1,json,0,0.0,0,0,True,True,True,0,0
BF16,3,native-calibration-1,indexed,True,4,unrelated,1,0.0,0,0,True,True,True,508,508
Q4_K_M,3,native-calibration-0,indexed,False,4,json,1,0.0,0,0,True,True,True,0,0
BF16,24,native-calibration-1,natural,True,4,noop,1,0.0,0,0,True,True,True,315,315
BF16,24,native-calibration-1,indexed,False,1,unrelated,1,0.0,0,0,True,True,True,0,0
Q4_K_M,24,native-calibration-0,indexed,True,4,noop,0,0.0,0,0,True,True,True,508,508
Q4_K_M,3,native-calibration-0,natural,False,4,json,1,0.0,0,0,True,True,True,0,0
BF16,24,native-calibration-11,natural,True,4,json,1,0.0,0,0,True,True,True,315,315
BF16,24,native-calibration-1,indexed,True,1,json,1,0.0,0,0,True,True,True,508,508
Q4_K_M,24,native-calibration-1,indexed,False,4,unrelated,1,0.0,0,0,True,True,True,0,0
BF16,3,native-calibration-2,indexed,False,1,unrelated,1,0.0,0,0,True,True,True,0,0
Q4_K_M,3,native-calibration-0,natural,False,1,json,0,0.029940970242023468,0,0,False,True,True,0,0
Q4_K_M,3,native-calibration-9,indexed,True,4,unrelated,0,0.0,0,0,True,True,True,508,508
BF16,3,native-calibration-11,indexed,False,4,unrelated,1,0.0,0,0,True,True,True,0,0
Q4_K_M,24,native-calibration-10,indexed,False,4,unrelated,1,0.0,0,0,True,True,True,0,0
BF16,24,native-calibration-9,natural,False,1,unrelated,1,0.0,0,0,True,True,True,0,0
Q4_K_M,24,native-calibration-9,natural,False,1,unrelated,0,0.0,0,0,True,True,True,0,0
BF16,3,native-calibration-0,indexed,True,4,unrelated,0,0.0,0,0,True,True,True,508,508
Q4_K_M,24,native-calibration-11,indexed,False,1,json,0,0.0,0,0,True,True,True,0,0
Q4_K_M,24,native-calibration-9,indexed,False,1,json,1,0.0,0,0,True,True,True,0,0
BF16,3,native-calibration-2,indexed,False,1,json,0,0.0,0,0,True,True,True,0,0
Q4_K_M,3,native-calibration-0,natural,False,1,unrelated,1,0.0,0,0,True,True,True,0,0
Q4_K_M,3,native-calibration-9,indexed,False,4,json,0,0.0,0,0,True,True,True,0,0
BF16,24,native-calibration-2,indexed,True,4,json,1,0.0,0,0,True,True,True,508,508
BF16,24,native-calibration-10,indexed,False,4,noop,0,0.0,0,0,True,True,True,0,0
Q4_K_M,3,native-calibration-2,natural,False,1,noop,0,0.0,0,0,True,True,True,0,0
BF16,3,native-calibration-1,natural,True,1,noop,0,0.0,0,0,True,True,True,315,315
BF16,3,native-calibration-1,indexed,False,1,noop,0,0.0,0,0,True,True,True,0,0
BF16,3,native-calibration-9,indexed,True,4,unrelated,1,0.0,0,0,True,True,True,508,508
Q4_K_M,24,native-calibration-9,indexed,True,1,noop,1,0.0,0,0,True,True,True,508,508
BF16,24,native-calibration-9,natural,False,4,noop,0,0.0,0,0,True,True,True,0,0
BF16,24,native-calibration-0,natural,False,1,unrelated,1,0.0,0,0,True,True,True,0,0
Q4_K_M,3,native-calibration-10,indexed,True,1,json,1,0.0,0,0,True,True,True,508,508
BF16,24,native-calibration-0,natural,False,1,json,1,0.0,0,0,True,True,True,0,0
BF16,24,native-calibration-2,natural,False,4,unrelated,0,0.0,0,0,True,True,True,0,0
Q4_K_M,24,native-calibration-1,indexed,False,1,unrelated,0,0.0,0,0,True,True,True,0,0
BF16,24,native-calibration-10,indexed,True,1,unrelated,0,0.0,0,0,True,True,True,508,508
BF16,3,native-calibration-9,indexed,True,4,noop,1,0.0,0,0,True,True,True,508,508
BF16,3,native-calibration-1,natural,False,4,unrelated,1,0.0,0,0,True,True,True,0,0
Q4_K_M,24,native-calibration-2,indexed,False,4,noop,0,0.0,0,0,True,True,True,0,0
BF16,24,native-calibration-11,natural,False,1,noop,1,0.0,0,0,True,True,True,0,0
Q4_K_M,24,native-calibration-0,indexed,True,1,noop,0,0.0,0,0,True,True,True,508,508
BF16,3,native-calibration-2,indexed,False,1,json,1,0.0,0,0,True,True,True,0,0
BF16,24,native-calibration-11,indexed,False,1,json,0,0.0,0,0,True,True,True,0,0
Q4_K_M,3,native-calibration-0,natural,True,1,unrelated,1,0.0,0,0,True,True,True,315,315
BF16,24,native-calibration-1,natural,False,1,unrelated,1,0.0,0,0,True,True,True,0,0
Q4_K_M,3,native-calibration-2,indexed,True,1,unrelated,0,0.0,0,0,True,True,True,508,508
BF16,3,native-calibration-2,natural,True,1,noop,1,0.0,0,0,True,True,True,315,315
BF16,3,native-calibration-1,natural,False,1,noop,0,0.0,0,0,True,True,True,0,0
Q4_K_M,3,native-calibration-10,natural,False,1,json,1,0.0,0,0,True,True,True,0,0
BF16,24,native-calibration-2,indexed,False,4,noop,1,0.0,0,0,True,True,True,0,0
Q4_K_M,24,native-calibration-9,natural,True,1,unrelated,0,0.0,0,0,True,True,True,315,315
BF16,24,native-calibration-0,indexed,False,4,json,0,0.0,0,0,True,True,True,0,0
Q4_K_M,3,native-calibration-2,natural,False,1,noop,1,0.0,0,0,True,True,True,0,0
Q4_K_M,24,native-calibration-11,indexed,False,1,json,1,0.0,0,0,True,True,True,0,0
BF16,24,native-calibration-10,indexed,True,4,unrelated,0,0.0,0,0,True,True,True,508,508
BF16,3,native-calibration-10,indexed,True,4,json,0,0.0,0,0,True,True,True,508,508
BF16,24,native-calibration-9,indexed,True,4,noop,0,0.0,0,0,True,True,True,508,508
Q4_K_M,3,native-calibration-0,natural,False,4,noop,1,0.0,0,0,True,True,True,0,0
BF16,3,native-calibration-0,natural,True,4,unrelated,0,0.0,0,0,True,True,True,315,315
Q4_K_M,24,native-calibration-0,indexed,False,4,json,1,0.0,0,0,True,True,True,0,0
Q4_K_M,24,native-calibration-9,natural,False,4,json,1,0.0,0,0,True,True,True,0,0
Q4_K_M,3,native-calibration-10,natural,True,4,noop,0,0.0,0,0,True,True,True,315,315
BF16,24,native-calibration-2,indexed,True,4,json,0,0.0,0,0,True,True,True,508,508
Q4_K_M,3,native-calibration-0,indexed,False,1,json,0,0.0,0,0,True,True,True,0,0
Q4_K_M,3,native-calibration-11,indexed,True,1,unrelated,1,0.0,0,0,True,True,True,508,508
BF16,3,native-calibration-0,natural,True,4,json,1,0.0,0,0,True,True,True,315,315
Q4_K_M,24,native-calibration-9,indexed,False,4,unrelated,1,0.0,0,0,True,True,True,0,0
Q4_K_M,3,native-calibration-1,natural,False,1,noop,0,0.0,0,0,True,True,True,0,0
BF16,24,native-calibration-11,indexed,True,1,unrelated,1,0.0,0,0,True,True,True,508,508
Q4_K_M,3,native-calibration-2,indexed,True,1,noop,1,0.0,0,0,True,True,True,508,508
Q4_K_M,24,native-calibration-1,indexed,True,1,json,0,0.0,0,0,True,True,True,508,508
Q4_K_M,3,native-calibration-1,indexed,False,4,noop,0,0.0,0,0,True,True,True,0,0
BF16,3,native-calibration-10,natural,False,1,noop,1,0.0,0,0,True,True,True,0,0
Q4_K_M,3,native-calibration-1,natural,False,4,unrelated,1,0.0,0,0,True,True,True,0,0
Q4_K_M,24,native-calibration-11,indexed,True,4,unrelated,1,0.0,0,0,True,True,True,508,508
Q4_K_M,3,native-calibration-11,indexed,False,1,unrelated,0,0.0,0,0,True,True,True,0,0
BF16,24,native-calibration-10,indexed,True,1,noop,0,0.0,0,0,True,True,True,508,508
Q4_K_M,3,native-calibration-11,natural,False,4,noop,0,0.0,0,0,True,True,True,0,0
Q4_K_M,3,native-calibration-10,indexed,False,4,json,0,0.0,0,0,True,True,True,0,0
BF16,3,native-calibration-10,indexed,True,4,noop,0,0.0,0,0,True,True,True,508,508
BF16,24,native-calibration-1,natural,True,1,json,1,0.0,0,0,True,True,True,315,315
Q4_K_M,3,native-calibration-1,natural,False,4,json,1,0.0,0,0,True,True,True,0,0
BF16,24,native-calibration-2,indexed,True,4,noop,0,0.0,0,0,True,True,True,508,508
Q4_K_M,3,native-calibration-9,indexed,False,1,noop,0,0.0,0,0,True,True,True,0,0
Q4_K_M,3,native-calibration-2,natural,True,4,unrelated,0,0.0,0,0,True,True,True,315,315
Q4_K_M,3,native-calibration-2,indexed,True,4,json,1,0.0,0,0,True,True,True,508,508
BF16,3,native-calibration-2,natural,True,1,noop,0,0.0,0,0,True,True,True,315,315
BF16,24,native-calibration-10,natural,False,1,unrelated,1,0.0,0,0,True,True,True,0,0
Q4_K_M,24,native-calibration-9,natural,True,4,unrelated,1,0.0,0,0,True,True,True,315,315
BF16,3,native-calibration-1,indexed,True,1,noop,0,0.0,0,0,True,True,True,508,508
Q4_K_M,3,native-calibration-11,indexed,False,4,json,0,0.0,0,0,True,True,True,0,0
Q4_K_M,3,native-calibration-2,natural,True,4,unrelated,1,0.0,0,0,True,True,True,315,315
Q4_K_M,24,native-calibration-0,indexed,False,1,noop,0,0.0,0,0,True,True,True,0,0
Q4_K_M,3,native-calibration-2,natural,False,4,json,1,0.0,0,0,True,True,True,0,0
BF16,3,native-calibration-10,natural,True,1,noop,0,0.0,0,0,True,True,True,315,315
Q4_K_M,24,native-calibration-9,natural,True,4,json,1,0.0,0,0,True,True,True,315,315
BF16,24,native-calibration-1,natural,False,1,json,1,0.0,0,0,True,True,True,0,0
BF16,3,native-calibration-11,natural,False,4,unrelated,0,0.0,0,0,True,True,True,0,0
BF16,24,native-calibration-0,natural,True,4,unrelated,0,0.0,0,0,True,True,True,315,315
BF16,24,native-calibration-9,natural,True,1,unrelated,0,0.0,0,0,True,True,True,315,315
BF16,24,native-calibration-9,indexed,True,1,json,0,0.0,0,0,True,True,True,508,508
BF16,24,native-calibration-2,natural,True,4,unrelated,1,0.0,0,0,True,True,True,315,315
Q4_K_M,3,native-calibration-11,natural,False,4,noop,1,0.0,0,0,True,True,True,0,0
BF16,3,native-calibration-11,natural,True,4,unrelated,1,0.0,0,0,True,True,True,315,315
BF16,24,native-calibration-0,natural,True,1,unrelated,0,0.0,0,0,True,True,True,315,315
Q4_K_M,24,native-calibration-11,natural,True,4,unrelated,0,0.0,0,0,True,True,True,315,315
BF16,24,native-calibration-10,indexed,False,1,noop,1,0.0,0,0,True,True,True,0,0
Q4_K_M,24,native-calibration-2,indexed,False,4,json,0,0.0,0,0,True,True,True,0,0
Q4_K_M,3,native-calibration-10,indexed,True,4,json,1,0.0,0,0,True,True,True,508,508
BF16,3,native-calibration-10,natural,True,1,unrelated,1,0.0,0,0,True,True,True,315,315
BF16,24,native-calibration-0,natural,True,1,noop,0,0.0,0,0,True,True,True,315,315
BF16,3,native-calibration-1,natural,False,4,noop,1,0.0,0,0,True,True,True,0,0
BF16,3,native-calibration-0,natural,False,4,json,0,0.0,0,0,True,True,True,0,0
BF16,24,native-calibration-0,natural,False,4,unrelated,0,0.0,0,0,True,True,True,0,0
Q4_K_M,3,native-calibration-10,natural,True,1,noop,1,0.0,0,0,True,True,True,315,315
BF16,3,native-calibration-2,natural,True,4,json,1,0.0,0,0,True,True,True,315,315
Q4_K_M,3,native-calibration-1,natural,True,4,noop,1,0.0,0,0,True,True,True,315,315
BF16,24,native-calibration-2,natural,False,1,unrelated,0,0.0,0,0,True,True,True,0,0
BF16,24,native-calibration-0,natural,True,1,json,0,0.0,0,0,True,True,True,315,315
BF16,3,native-calibration-9,indexed,False,1,noop,1,0.0,0,0,True,True,True,0,0
Q4_K_M,3,native-calibration-2,indexed,False,1,json,0,0.0,0,0,True,True,True,0,0
BF16,3,native-calibration-2,natural,True,1,unrelated,0,0.0,0,0,True,True,True,315,315
BF16,3,native-calibration-0,natural,True,4,noop,0,0.0,0,0,True,True,True,315,315
BF16,24,native-calibration-1,natural,True,1,json,0,0.0,0,0,True,True,True,315,315
BF16,3,native-calibration-10,indexed,True,4,noop,1,0.0,0,0,True,True,True,508,508
Q4_K_M,3,native-calibration-0,indexed,True,4,unrelated,1,0.0,0,0,True,True,True,508,508
BF16,24,native-calibration-11,natural,False,1,unrelated,0,0.0,0,0,True,True,True,0,0
BF16,3,native-calibration-9,indexed,True,1,unrelated,1,0.0,0,0,True,True,True,508,508
BF16,24,native-calibration-10,indexed,True,1,noop,1,0.0,0,0,True,True,True,508,508
Q4_K_M,3,native-calibration-9,natural,False,4,json,0,0.0,0,0,True,True,True,0,0
Q4_K_M,3,native-calibration-9,natural,True,4,json,1,0.0,0,0,True,True,True,315,315
BF16,24,native-calibration-2,indexed,False,1,json,0,0.0,0,0,True,True,True,0,0
Q4_K_M,24,native-calibration-11,natural,True,1,unrelated,0,0.0,0,0,True,True,True,315,315
Q4_K_M,24,native-calibration-2,indexed,False,1,unrelated,0,0.0,0,0,True,True,True,0,0
BF16,24,native-calibration-2,natural,True,4,json,0,0.0,0,0,True,True,True,315,315
Q4_K_M,24,native-calibration-0,indexed,False,4,noop,0,0.0,0,0,True,True,True,0,0
Q4_K_M,24,native-calibration-0,indexed,False,4,json,0,0.0,0,0,True,True,True,0,0
BF16,3,native-calibration-11,indexed,False,4,unrelated,0,0.0,0,0,True,True,True,0,0
Q4_K_M,3,native-calibration-10,natural,True,4,json,0,0.0,0,0,True,True,True,315,315
Q4_K_M,3,native-calibration-10,indexed,False,4,noop,1,0.0,0,0,True,True,True,0,0
Q4_K_M,3,native-calibration-9,natural,True,4,unrelated,0,0.0,0,0,True,True,True,315,315
BF16,3,native-calibration-11,indexed,False,4,json,0,0.0,0,0,True,True,True,0,0
Q4_K_M,24,native-calibration-9,natural,False,4,noop,1,0.0,0,0,True,True,True,0,0
Q4_K_M,24,native-calibration-9,indexed,False,1,unrelated,0,0.0,0,0,True,True,True,0,0
BF16,3,native-calibration-11,natural,False,4,unrelated,1,0.0,0,0,True,True,True,0,0
Q4_K_M,24,native-calibration-11,indexed,True,4,noop,0,0.0,0,0,True,True,True,508,508
Q4_K_M,24,native-calibration-10,natural,True,4,noop,1,0.0,0,0,True,True,True,315,315
BF16,3,native-calibration-2,indexed,True,4,noop,1,0.0,0,0,True,True,True,508,508
BF16,24,native-calibration-11,indexed,False,4,noop,0,0.0,0,0,True,True,True,0,0
BF16,3,native-calibration-9,indexed,False,1,json,0,0.0,0,0,True,True,True,0,0
Q4_K_M,24,native-calibration-9,natural,False,4,unrelated,1,0.0,0,0,True,True,True,0,0
Q4_K_M,3,native-calibration-11,natural,False,4,unrelated,0,0.0,0,0,True,True,True,0,0
Q4_K_M,3,native-calibration-1,indexed,False,1,unrelated,1,0.0,0,0,True,True,True,0,0
BF16,24,native-calibration-2,indexed,True,1,json,0,0.0,0,0,True,True,True,508,508
BF16,24,native-calibration-1,natural,False,4,json,0,0.0,0,0,True,True,True,0,0
Q4_K_M,24,native-calibration-2,indexed,False,4,unrelated,0,0.0,0,0,True,True,True,0,0
Q4_K_M,24,native-calibration-11,indexed,True,1,json,1,0.0,0,0,True,True,True,508,508
Q4_K_M,3,native-calibration-2,indexed,False,1,unrelated,0,0.0,0,0,True,True,True,0,0
Q4_K_M,24,native-calibration-10,natural,True,4,noop,0,0.0,0,0,True,True,True,315,315
BF16,3,native-calibration-0,natural,False,1,unrelated,1,0.0,0,0,True,True,True,0,0
Q4_K_M,3,native-calibration-11,natural,True,1,json,0,0.0,0,0,True,True,True,315,315
Q4_K_M,24,native-calibration-10,natural,True,4,unrelated,0,0.0,0,0,True,True,True,315,315
Q4_K_M,24,native-calibration-10,indexed,False,4,noop,1,0.0,0,0,True,True,True,0,0
BF16,24,native-calibration-11,indexed,True,4,unrelated,1,0.0,0,0,True,True,True,508,508
Q4_K_M,3,native-calibration-0,indexed,True,1,unrelated,0,0.0,0,0,True,True,True,508,508
BF16,3,native-calibration-9,indexed,False,4,noop,1,0.0,0,0,True,True,True,0,0
Q4_K_M,3,native-calibration-1,natural,False,4,json,0,0.0,0,0,True,True,True,0,0
Q4_K_M,24,native-calibration-0,natural,True,4,noop,1,0.0,0,0,True,True,True,315,315
BF16,24,native-calibration-0,indexed,True,1,noop,1,0.0,0,0,True,True,True,508,508
BF16,3,native-calibration-0,indexed,False,4,noop,1,0.0,0,0,True,True,True,0,0
BF16,3,native-calibration-10,indexed,False,1,noop,1,0.0,0,0,True,True,True,0,0
BF16,3,native-calibration-1,indexed,True,1,unrelated,0,0.0,0,0,True,True,True,508,508
BF16,24,native-calibration-0,natural,False,4,json,1,0.0,0,0,True,True,True,0,0
BF16,3,native-calibration-10,natural,False,4,noop,0,0.0,0,0,True,True,True,0,0
Q4_K_M,24,native-calibration-0,natural,False,1,noop,0,0.0,0,0,True,True,True,0,0
Q4_K_M,24,native-calibration-11,natural,True,4,noop,1,0.0,0,0,True,True,True,315,315
BF16,24,native-calibration-11,indexed,True,1,noop,1,0.0,0,0,True,True,True,508,508
BF16,3,native-calibration-1,indexed,False,4,json,1,0.0,0,0,True,True,True,0,0
BF16,3,native-calibration-9,indexed,False,4,json,0,0.0,0,0,True,True,True,0,0
Q4_K_M,3,native-calibration-2,indexed,True,1,unrelated,1,0.0,0,0,True,True,True,508,508
BF16,24,native-calibration-9,indexed,True,1,unrelated,1,0.0,0,0,True,True,True,508,508
BF16,24,native-calibration-0,natural,False,4,unrelated,1,0.0,0,0,True,True,True,0,0
Q4_K_M,24,native-calibration-1,indexed,False,4,json,1,0.0,0,0,True,True,True,0,0
Q4_K_M,3,native-calibration-9,natural,False,1,unrelated,1,0.0,0,0,True,True,True,0,0
Q4_K_M,3,native-calibration-10,indexed,False,1,noop,1,0.0,0,0,True,True,True,0,0
Q4_K_M,3,native-calibration-9,natural,False,4,json,1,0.0,0,0,True,True,True,0,0
Q4_K_M,3,native-calibration-9,indexed,True,1,json,1,0.0,0,0,True,True,True,508,508
Q4_K_M,3,native-calibration-10,indexed,True,1,json,0,0.0,0,0,True,True,True,508,508
Q4_K_M,3,native-calibration-0,natural,False,1,json,1,0.0,0,0,True,True,True,0,0
Q4_K_M,3,native-calibration-2,indexed,True,4,noop,0,0.0,0,0,True,True,True,508,508
BF16,24,native-calibration-1,natural,False,1,json,0,0.0,0,0,True,True,True,0,0
BF16,24,native-calibration-1,indexed,False,4,json,1,0.0,0,0,True,True,True,0,0
Q4_K_M,3,native-calibration-2,natural,True,4,json,1,0.0,0,0,True,True,True,315,315
BF16,24,native-calibration-1,natural,False,4,unrelated,0,0.0,0,0,True,True,True,0,0
Q4_K_M,24,native-calibration-2,natural,True,1,unrelated,1,0.0,0,0,True,True,True,315,315
Q4_K_M,3,native-calibration-2,natural,True,1,json,1,0.0,0,0,True,True,True,315,315
BF16,24,native-calibration-0,indexed,True,4,json,0,0.0,0,0,True,True,True,508,508
BF16,3,native-calibration-1,indexed,True,4,noop,1,0.0,0,0,True,True,True,508,508
BF16,24,native-calibration-11,natural,True,1,json,0,0.0,0,0,True,True,True,315,315
BF16,3,native-calibration-11,indexed,True,4,unrelated,0,0.0,0,0,True,True,True,508,508
BF16,24,native-calibration-2,indexed,True,1,unrelated,1,0.0,0,0,True,True,True,508,508
BF16,24,native-calibration-9,indexed,False,4,json,1,0.0,0,0,True,True,True,0,0
BF16,24,native-calibration-9,indexed,False,1,json,1,0.0,0,0,True,True,True,0,0
Q4_K_M,3,native-calibration-10,natural,True,4,unrelated,1,0.0,0,0,True,True,True,315,315
Q4_K_M,3,native-calibration-10,natural,False,1,noop,0,0.0,0,0,True,True,True,0,0
BF16,24,native-calibration-0,indexed,False,4,noop,1,0.0,0,0,True,True,True,0,0
Q4_K_M,3,native-calibration-1,indexed,False,4,json,1,0.0,0,0,True,True,True,0,0
Q4_K_M,3,native-calibration-11,natural,False,1,json,0,0.0,0,0,True,True,True,0,0
BF16,24,native-calibration-1,natural,True,1,noop,0,0.0,0,0,True,True,True,315,315
Q4_K_M,3,native-calibration-9,indexed,False,4,noop,1,0.0,0,0,True,True,True,0,0
BF16,3,native-calibration-9,indexed,False,4,noop,0,0.0,0,0,True,True,True,0,0
Q4_K_M,24,native-calibration-11,indexed,True,4,json,0,0.0,0,0,True,True,True,508,508
BF16,24,native-calibration-9,indexed,False,4,unrelated,1,0.0,0,0,True,True,True,0,0
BF16,3,native-calibration-11,indexed,False,1,json,0,0.0,0,0,True,True,True,0,0
BF16,3,native-calibration-2,indexed,True,1,noop,1,0.0,0,0,True,True,True,508,508
BF16,24,native-calibration-2,indexed,True,4,unrelated,1,0.0,0,0,True,True,True,508,508
Q4_K_M,3,native-calibration-2,natural,False,4,json,0,0.0,0,0,True,True,True,0,0
Q4_K_M,3,native-calibration-1,natural,True,1,noop,1,0.0,0,0,True,True,True,315,315
BF16,3,native-calibration-11,natural,False,1,noop,1,0.0,0,0,True,True,True,0,0
BF16,24,native-calibration-9,natural,False,4,json,1,0.0,0,0,True,True,True,0,0
BF16,3,native-calibration-10,natural,False,4,unrelated,0,0.0,0,0,True,True,True,0,0
BF16,3,native-calibration-1,natural,True,4,unrelated,1,0.0,0,0,True,True,True,315,315
Q4_K_M,24,native-calibration-0,natural,True,1,json,0,0.0,0,0,True,True,True,315,315
BF16,3,native-calibration-11,indexed,True,4,json,1,0.0,0,0,True,True,True,508,508
Q4_K_M,24,native-calibration-1,natural,True,1,noop,1,0.0,0,0,True,True,True,315,315
Q4_K_M,24,native-calibration-0,natural,True,4,json,0,0.0,0,0,True,True,True,315,315
BF16,3,native-calibration-0,natural,True,1,unrelated,1,0.0,0,0,True,True,True,315,315
Q4_K_M,24,native-calibration-9,natural,False,4,noop,0,0.0,0,0,True,True,True,0,0
BF16,3,native-calibration-10,indexed,True,1,noop,1,0.0,0,0,True,True,True,508,508
Q4_K_M,24,native-calibration-1,indexed,True,1,noop,0,0.0,0,0,True,True,True,508,508
Q4_K_M,24,native-calibration-1,indexed,True,4,json,0,0.0,0,0,True,True,True,508,508
BF16,24,native-calibration-9,indexed,False,1,unrelated,0,0.0,0,0,True,True,True,0,0
Q4_K_M,3,native-calibration-1,natural,True,4,json,0,0.0,0,0,True,True,True,315,315
Q4_K_M,24,native-calibration-0,natural,False,1,json,0,0.0,0,0,True,True,True,0,0
Q4_K_M,3,native-calibration-9,natural,True,4,noop,1,0.0,0,0,True,True,True,315,315
BF16,3,native-calibration-11,indexed,False,1,json,1,0.0,0,0,True,True,True,0,0
BF16,24,native-calibration-0,natural,True,1,unrelated,1,0.0,0,0,True,True,True,315,315
Q4_K_M,24,native-calibration-0,natural,True,1,json,1,0.0,0,0,True,True,True,315,315
BF16,24,native-calibration-11,natural,True,1,json,1,0.0,0,0,True,True,True,315,315
Q4_K_M,3,native-calibration-11,natural,True,1,unrelated,1,0.0,0,0,True,True,True,315,315
Q4_K_M,24,native-calibration-9,indexed,True,1,json,0,0.0,0,0,True,True,True,508,508
Q4_K_M,3,native-calibration-10,natural,False,4,noop,0,0.0,0,0,True,True,True,0,0
BF16,3,native-calibration-0,natural,False,4,unrelated,1,0.0,0,0,True,True,True,0,0
Q4_K_M,24,native-calibration-1,indexed,True,1,noop,1,0.0,0,0,True,True,True,508,508
Q4_K_M,3,native-calibration-10,natural,True,1,unrelated,1,0.0,0,0,True,True,True,315,315
Q4_K_M,24,native-calibration-2,natural,False,1,json,1,0.0,0,0,True,True,True,0,0
Q4_K_M,24,native-calibration-11,natural,False,1,unrelated,1,0.0,0,0,True,True,True,0,0
BF16,3,native-calibration-2,indexed,True,4,json,1,0.0,0,0,True,True,True,508,508
Q4_K_M,24,native-calibration-11,indexed,False,4,unrelated,0,0.0,0,0,True,True,True,0,0
BF16,24,native-calibration-10,natural,False,1,noop,1,0.0,0,0,True,True,True,0,0
BF16,3,native-calibration-9,indexed,False,1,unrelated,0,0.0,0,0,True,True,True,0,0
Q4_K_M,3,native-calibration-1,natural,False,1,unrelated,1,0.0,0,0,True,True,True,0,0
BF16,24,native-calibration-2,indexed,False,1,json,1,0.0,0,0,True,True,True,0,0
Q4_K_M,24,native-calibration-2,natural,False,1,noop,0,0.0,0,0,True,True,True,0,0
BF16,3,native-calibration-0,natural,True,1,json,0,0.0,0,0,True,True,True,315,315
Q4_K_M,24,native-calibration-1,indexed,True,4,json,1,0.0,0,0,True,True,True,508,508
Q4_K_M,3,native-calibration-11,indexed,False,1,json,1,0.0,0,0,True,True,True,0,0
Q4_K_M,24,native-calibration-9,indexed,True,1,unrelated,0,0.0,0,0,True,True,True,508,508
Q4_K_M,3,native-calibration-10,natural,False,4,noop,1,0.0,0,0,True,True,True,0,0
BF16,3,native-calibration-1,indexed,False,4,noop,0,0.0,0,0,True,True,True,0,0
BF16,24,native-calibration-2,natural,True,4,noop,1,0.0,0,0,True,True,True,315,315
BF16,24,native-calibration-1,natural,False,4,json,1,0.0,0,0,True,True,True,0,0
BF16,24,native-calibration-1,indexed,True,4,unrelated,1,0.0,0,0,True,True,True,508,508
Q4_K_M,3,native-calibration-0,natural,True,1,json,1,0.0,0,0,True,True,True,315,315
Q4_K_M,24,native-calibration-9,natural,False,1,json,0,0.0,0,0,True,True,True,0,0
Q4_K_M,3,native-calibration-0,indexed,False,4,unrelated,1,0.0,0,0,True,True,True,0,0
BF16,24,native-calibration-0,indexed,False,1,noop,0,0.0,0,0,True,True,True,0,0
Q4_K_M,3,native-calibration-9,indexed,True,1,noop,1,0.0,0,0,True,True,True,508,508
BF16,24,native-calibration-11,natural,False,4,json,1,0.0,0,0,True,True,True,0,0
Q4_K_M,3,native-calibration-11,natural,False,4,unrelated,1,0.0,0,0,True,True,True,0,0
BF16,3,native-calibration-2,natural,False,4,noop,0,0.0,0,0,True,True,True,0,0
BF16,3,native-calibration-9,indexed,False,4,json,1,0.0,0,0,True,True,True,0,0
Q4_K_M,24,native-calibration-10,indexed,True,4,noop,1,0.0,0,0,True,True,True,508,508
Q4_K_M,3,native-calibration-11,indexed,True,4,json,0,0.0,0,0,True,True,True,508,508
Q4_K_M,3,native-calibration-10,indexed,True,4,noop,1,0.0,0,0,True,True,True,508,508
BF16,24,native-calibration-2,indexed,False,4,json,0,0.0,0,0,True,True,True,0,0
Q4_K_M,24,native-calibration-10,indexed,False,1,unrelated,0,0.0,0,0,True,True,True,0,0
Q4_K_M,3,native-calibration-1,natural,False,4,noop,1,0.0,0,0,True,True,True,0,0
Q4_K_M,3,native-calibration-10,natural,False,1,json,0,0.0,0,0,True,True,True,0,0
Q4_K_M,3,native-calibration-11,natural,True,1,noop,0,0.0,0,0,True,True,True,315,315
BF16,3,native-calibration-1,indexed,False,4,noop,1,0.0,0,0,True,True,True,0,0
Q4_K_M,24,native-calibration-2,indexed,False,4,noop,1,0.0,0,0,True,True,True,0,0
Q4_K_M,3,native-calibration-0,indexed,False,1,unrelated,1,0.0,0,0,True,True,True,0,0
Q4_K_M,3,native-calibration-11,indexed,True,1,unrelated,0,0.0,0,0,True,True,True,508,508
Q4_K_M,24,native-calibration-2,natural,True,1,json,0,0.0,0,0,True,True,True,315,315
Q4_K_M,3,native-calibration-2,indexed,True,4,unrelated,0,0.0,0,0,True,True,True,508,508
Q4_K_M,24,native-calibration-1,natural,False,4,unrelated,0,0.0,0,0,True,True,True,0,0
Q4_K_M,3,native-calibration-0,indexed,True,4,json,1,0.0,0,0,True,True,True,508,508
BF16,24,native-calibration-9,indexed,False,1,noop,0,0.0,0,0,True,True,True,0,0
BF16,24,native-calibration-2,natural,False,4,unrelated,1,0.0,0,0,True,True,True,0,0
Q4_K_M,24,native-calibration-1,natural,True,1,unrelated,1,0.0,0,0,True,True,True,315,315
BF16,24,native-calibration-0,natural,True,4,noop,1,0.0,0,0,True,True,True,315,315
Q4_K_M,3,native-calibration-1,natural,True,1,json,1,0.0,0,0,True,True,True,315,315
Q4_K_M,3,native-calibration-0,natural,True,1,noop,0,0.0,0,0,True,True,True,315,315
Q4_K_M,24,native-calibration-11,natural,True,1,json,0,0.0,0,0,True,True,True,315,315
Q4_K_M,24,native-calibration-0,indexed,True,4,json,1,0.0,0,0,True,True,True,508,508
Q4_K_M,3,native-calibration-1,indexed,True,1,noop,1,0.0,0,0,True,True,True,508,508
BF16,3,native-calibration-1,natural,True,4,noop,0,0.0,0,0,True,True,True,315,315
Q4_K_M,3,native-calibration-0,indexed,True,4,noop,1,0.0,0,0,True,True,True,508,508
BF16,3,native-calibration-0,indexed,True,4,noop,1,0.0,0,0,True,True,True,508,508
Q4_K_M,24,native-calibration-0,indexed,True,1,json,0,0.0,0,0,True,True,True,508,508
BF16,3,native-calibration-9,natural,True,1,noop,0,0.0,0,0,True,True,True,315,315
Q4_K_M,24,native-calibration-11,natural,False,4,unrelated,1,0.0,0,0,True,True,True,0,0
BF16,3,native-calibration-2,natural,True,1,json,0,0.0,0,0,True,True,True,315,315
BF16,24,native-calibration-1,indexed,True,4,json,1,0.0,0,0,True,True,True,508,508
BF16,3,native-calibration-2,natural,False,4,unrelated,1,0.0,0,0,True,True,True,0,0
BF16,24,native-calibration-10,natural,True,1,noop,1,0.0,0,0,True,True,True,315,315
Q4_K_M,24,native-calibration-10,natural,False,4,json,0,0.0,0,0,True,True,True,0,0
Q4_K_M,24,native-calibration-1,natural,False,4,json,1,0.0,0,0,True,True,True,0,0
Q4_K_M,3,native-calibration-0,natural,True,1,json,0,0.0,0,0,True,True,True,315,315
Q4_K_M,24,native-calibration-2,indexed,True,4,noop,1,0.0,0,0,True,True,True,508,508
Q4_K_M,3,native-calibration-0,natural,True,4,json,0,0.0,0,0,True,True,True,315,315
BF16,24,native-calibration-2,indexed,False,4,unrelated,1,0.0,0,0,True,True,True,0,0
Q4_K_M,24,native-calibration-0,natural,True,4,noop,0,0.0,0,0,True,True,True,315,315
BF16,24,native-calibration-10,natural,True,1,unrelated,1,0.0,0,0,True,True,True,315,315
BF16,3,native-calibration-9,natural,False,4,unrelated,0,0.0,0,0,True,True,True,0,0
BF16,3,native-calibration-9,indexed,True,4,unrelated,0,0.0,0,0,True,True,True,508,508
Q4_K_M,24,native-calibration-2,natural,False,1,noop,1,0.0,0,0,True,True,True,0,0
Q4_K_M,24,native-calibration-9,indexed,True,1,unrelated,1,0.0,0,0,True,True,True,508,508
Q4_K_M,3,native-calibration-0,natural,False,4,unrelated,1,0.0,0,0,True,True,True,0,0
Q4_K_M,3,native-calibration-11,indexed,True,4,json,1,0.0,0,0,True,True,True,508,508
BF16,24,native-calibration-0,indexed,True,1,unrelated,1,0.0,0,0,True,True,True,508,508
Q4_K_M,24,native-calibration-11,natural,False,4,json,0,0.0,0,0,True,True,True,0,0
BF16,3,native-calibration-10,indexed,False,4,json,1,0.0,0,0,True,True,True,0,0
BF16,24,native-calibration-10,indexed,False,1,unrelated,0,0.0,0,0,True,True,True,0,0
Q4_K_M,24,native-calibration-0,indexed,True,1,unrelated,1,0.0,0,0,True,True,True,508,508
BF16,3,native-calibration-11,natural,False,4,json,0,0.0,0,0,True,True,True,0,0
BF16,24,native-calibration-1,indexed,False,4,unrelated,1,0.0,0,0,True,True,True,0,0
BF16,24,native-calibration-2,indexed,True,1,unrelated,0,0.0,0,0,True,True,True,508,508
Q4_K_M,3,native-calibration-1,indexed,False,4,unrelated,1,0.0,0,0,True,True,True,0,0
Q4_K_M,3,native-calibration-11,natural,True,4,unrelated,0,0.0,0,0,True,True,True,315,315
BF16,3,native-calibration-1,natural,False,4,noop,0,0.0,0,0,True,True,True,0,0
BF16,24,native-calibration-9,indexed,True,4,unrelated,0,0.0,0,0,True,True,True,508,508
BF16,3,native-calibration-2,natural,False,1,json,0,0.0,0,0,True,True,True,0,0
BF16,24,native-calibration-2,natural,False,4,noop,0,0.0,0,0,True,True,True,0,0
Q4_K_M,3,native-calibration-1,indexed,True,4,json,1,0.04060688614845276,1,0,False,True,True,508,508
BF16,24,native-calibration-10,natural,True,4,unrelated,0,0.0,0,0,True,True,True,315,315
BF16,24,native-calibration-0,indexed,True,4,unrelated,0,0.0,0,0,True,True,True,508,508
Q4_K_M,3,native-calibration-0,natural,True,4,json,1,0.0,0,0,True,True,True,315,315
BF16,3,native-calibration-0,indexed,False,4,unrelated,1,0.0,0,0,True,True,True,0,0
BF16,3,native-calibration-10,indexed,False,1,json,0,0.0,0,0,True,True,True,0,0
Q4_K_M,3,native-calibration-9,indexed,True,4,unrelated,1,0.0,0,0,True,True,True,508,508
BF16,24,native-calibration-11,indexed,False,4,json,1,0.0,0,0,True,True,True,0,0
Q4_K_M,24,native-calibration-2,indexed,True,4,json,0,0.0,0,0,True,True,True,508,508
Q4_K_M,24,native-calibration-10,natural,False,4,noop,1,0.0,0,0,True,True,True,0,0
Q4_K_M,3,native-calibration-9,natural,True,1,noop,0,0.0,0,0,True,True,True,315,315
BF16,3,native-calibration-10,indexed,False,4,json,0,0.0,0,0,True,True,True,0,0
BF16,24,native-calibration-2,indexed,False,4,json,1,0.0,0,0,True,True,True,0,0
Q4_K_M,3,native-calibration-9,natural,True,1,unrelated,0,0.0,0,0,True,True,True,315,315
BF16,3,native-calibration-0,indexed,True,1,unrelated,1,0.0,0,0,True,True,True,508,508
Q4_K_M,3,native-calibration-1,natural,True,4,noop,0,0.0,0,0,True,True,True,315,315
BF16,3,native-calibration-1,natural,False,4,json,1,0.0,0,0,True,True,True,0,0
BF16,24,native-calibration-0,natural,False,1,noop,0,0.0,0,0,True,True,True,0,0
BF16,3,native-calibration-10,indexed,False,1,noop,0,0.0,0,0,True,True,True,0,0
Q4_K_M,24,native-calibration-10,natural,True,4,json,1,0.0,0,0,True,True,True,315,315
Q4_K_M,24,native-calibration-11,natural,True,1,noop,0,0.0,0,0,True,True,True,315,315
BF16,24,native-calibration-1,indexed,False,4,unrelated,0,0.0,0,0,True,True,True,0,0
BF16,3,native-calibration-2,indexed,True,4,unrelated,1,0.0,0,0,True,True,True,508,508
Q4_K_M,24,native-calibration-9,indexed,True,4,json,1,0.031796231865882874,0,0,False,True,True,508,508
Q4_K_M,3,native-calibration-2,indexed,False,1,json,1,0.0,0,0,True,True,True,0,0
BF16,3,native-calibration-9,natural,True,1,json,0,0.0,0,0,True,True,True,315,315
Q4_K_M,24,native-calibration-10,natural,False,4,unrelated,0,0.0,0,0,True,True,True,0,0
Q4_K_M,3,native-calibration-10,indexed,False,1,unrelated,0,0.0,0,0,True,True,True,0,0
Q4_K_M,3,native-calibration-10,natural,True,1,noop,0,0.0,0,0,True,True,True,315,315
Q4_K_M,24,native-calibration-2,indexed,False,1,noop,0,0.0,0,0,True,True,True,0,0
Q4_K_M,3,native-calibration-2,natural,False,1,unrelated,0,0.0,0,0,True,True,True,0,0
Q4_K_M,3,native-calibration-10,indexed,True,4,unrelated,0,0.0,0,0,True,True,True,508,508
BF16,24,native-calibration-1,natural,True,4,noop,0,0.0,0,0,True,True,True,315,315
BF16,3,native-calibration-2,natural,True,4,json,0,0.0,0,0,True,True,True,315,315
BF16,24,native-calibration-9,natural,False,1,json,0,0.0,0,0,True,True,True,0,0
BF16,24,native-calibration-11,natural,True,1,noop,1,0.0,0,0,True,True,True,315,315
Q4_K_M,24,native-calibration-10,natural,False,1,noop,0,0.0,0,0,True,True,True,0,0
Q4_K_M,3,native-calibration-9,indexed,False,1,json,1,0.0,0,0,True,True,True,0,0
Q4_K_M,3,native-calibration-10,indexed,False,4,unrelated,1,0.0,0,0,True,True,True,0,0
BF16,3,native-calibration-11,indexed,True,1,noop,1,0.0,0,0,True,True,True,508,508
BF16,3,native-calibration-2,indexed,True,4,noop,0,0.0,0,0,True,True,True,508,508
Q4_K_M,3,native-calibration-10,indexed,True,1,noop,1,0.0,0,0,True,True,True,508,508
Q4_K_M,24,native-calibration-1,indexed,True,4,noop,0,0.0,0,0,True,True,True,508,508
Q4_K_M,3,native-calibration-11,natural,False,1,noop,0,0.0,0,0,True,True,True,0,0
BF16,24,native-calibration-1,indexed,False,4,json,0,0.0,0,0,True,True,True,0,0
BF16,3,native-calibration-11,natural,False,1,json,1,0.0,0,0,True,True,True,0,0
Q4_K_M,24,native-calibration-1,natural,True,4,json,1,0.0,0,0,True,True,True,315,315
Q4_K_M,24,native-calibration-0,indexed,False,1,unrelated,1,0.0,0,0,True,True,True,0,0
Q4_K_M,3,native-calibration-0,natural,True,1,unrelated,0,0.0,0,0,True,True,True,315,315
BF16,24,native-calibration-2,indexed,False,4,noop,0,0.0,0,0,True,True,True,0,0
Q4_K_M,24,native-calibration-11,natural,False,1,noop,1,0.0,0,0,True,True,True,0,0
BF16,24,native-calibration-9,natural,False,1,json,1,0.0,0,0,True,True,True,0,0
BF16,24,native-calibration-9,natural,False,4,noop,1,0.0,0,0,True,True,True,0,0
Q4_K_M,3,native-calibration-2,natural,True,1,unrelated,1,0.0,0,0,True,True,True,315,315
BF16,24,native-calibration-10,natural,True,1,noop,0,0.0,0,0,True,True,True,315,315
BF16,24,native-calibration-1,natural,True,4,json,1,0.0,0,0,True,True,True,315,315
Q4_K_M,24,native-calibration-10,indexed,True,1,unrelated,0,0.0,0,0,True,True,True,508,508
BF16,24,native-calibration-0,natural,True,1,noop,1,0.0,0,0,True,True,True,315,315
BF16,3,native-calibration-11,indexed,True,1,json,0,0.0,0,0,True,True,True,508,508
Q4_K_M,24,native-calibration-1,natural,False,1,unrelated,1,0.0,0,0,True,True,True,0,0
Q4_K_M,24,native-calibration-2,natural,True,4,json,0,0.0,0,0,True,True,True,315,315
Q4_K_M,24,native-calibration-10,indexed,True,4,noop,0,0.0,0,0,True,True,True,508,508
BF16,3,native-calibration-11,natural,False,4,noop,0,0.0,0,0,True,True,True,0,0
Q4_K_M,3,native-calibration-10,indexed,False,4,json,1,0.0,0,0,True,True,True,0,0
Q4_K_M,3,native-calibration-0,indexed,False,4,json,0,0.0,0,0,True,True,True,0,0
BF16,24,native-calibration-11,natural,True,4,json,0,0.0,0,0,True,True,True,315,315
Q4_K_M,24,native-calibration-1,natural,True,1,json,1,0.0,0,0,True,True,True,315,315
Q4_K_M,24,native-calibration-10,indexed,False,1,unrelated,1,0.0,0,0,True,True,True,0,0
BF16,24,native-calibration-2,natural,False,1,json,1,0.0,0,0,True,True,True,0,0
BF16,24,native-calibration-10,natural,False,4,json,1,0.0,0,0,True,True,True,0,0
BF16,24,native-calibration-11,indexed,True,4,json,1,0.0,0,0,True,True,True,508,508
BF16,3,native-calibration-10,indexed,False,4,noop,1,0.0,0,0,True,True,True,0,0
BF16,24,native-calibration-9,natural,True,1,json,0,0.0,0,0,True,True,True,315,315
Q4_K_M,3,native-calibration-9,natural,False,1,unrelated,0,0.0,0,0,True,True,True,0,0
Q4_K_M,3,native-calibration-9,natural,True,1,json,0,0.0,0,0,True,True,True,315,315
Q4_K_M,3,native-calibration-1,natural,True,1,unrelated,0,0.0,0,0,True,True,True,315,315
Q4_K_M,3,native-calibration-1,indexed,False,4,noop,1,0.0,0,0,True,True,True,0,0
Q4_K_M,24,native-calibration-2,natural,True,4,noop,0,0.0,0,0,True,True,True,315,315
BF16,24,native-calibration-2,indexed,False,1,noop,1,0.0,0,0,True,True,True,0,0
Q4_K_M,24,native-calibration-9,natural,True,1,noop,0,0.0,0,0,True,True,True,315,315
BF16,3,native-calibration-9,natural,False,1,noop,0,0.0,0,0,True,True,True,0,0
BF16,24,native-calibration-11,natural,True,1,noop,0,0.0,0,0,True,True,True,315,315
Q4_K_M,3,native-calibration-11,indexed,True,4,noop,0,0.0,0,0,True,True,True,508,508
BF16,3,native-calibration-1,indexed,False,1,unrelated,0,0.0,0,0,True,True,True,0,0
BF16,3,native-calibration-9,natural,False,4,json,0,0.0,0,0,True,True,True,0,0
Q4_K_M,24,native-calibration-1,indexed,False,1,json,1,0.0,0,0,True,True,True,0,0
BF16,3,native-calibration-1,indexed,True,1,noop,1,0.0,0,0,True,True,True,508,508
Q4_K_M,24,native-calibration-10,indexed,True,4,unrelated,0,0.0,0,0,True,True,True,508,508
Q4_K_M,24,native-calibration-11,indexed,False,4,noop,0,0.0,0,0,True,True,True,0,0
Q4_K_M,24,native-calibration-10,natural,True,1,noop,0,0.0,0,0,True,True,True,315,315
Q4_K_M,24,native-calibration-11,indexed,False,4,json,0,0.0,0,0,True,True,True,0,0
BF16,24,native-calibration-0,indexed,True,4,noop,1,0.0,0,0,True,True,True,508,508
BF16,3,native-calibration-1,indexed,True,1,json,1,0.0,0,0,True,True,True,508,508
BF16,24,native-calibration-2,indexed,False,1,noop,0,0.0,0,0,True,True,True,0,0
BF16,3,native-calibration-1,natural,True,1,unrelated,0,0.0,0,0,True,True,True,315,315
BF16,3,native-calibration-11,indexed,True,1,unrelated,0,0.0,0,0,True,True,True,508,508
Q4_K_M,3,native-calibration-9,natural,False,4,noop,0,0.0,0,0,True,True,True,0,0
Q4_K_M,3,native-calibration-11,natural,False,1,unrelated,1,0.0,0,0,True,True,True,0,0
Q4_K_M,24,native-calibration-2,indexed,True,1,unrelated,1,0.0,0,0,True,True,True,508,508
Q4_K_M,24,native-calibration-2,indexed,True,1,noop,1,0.0,0,0,True,True,True,508,508
Q4_K_M,3,native-calibration-0,natural,False,4,json,0,0.0,0,0,True,True,True,0,0
Q4_K_M,24,native-calibration-1,indexed,True,1,unrelated,0,0.0,0,0,True,True,True,508,508
Q4_K_M,24,native-calibration-0,natural,True,1,noop,1,0.0,0,0,True,True,True,315,315
BF16,3,native-calibration-1,indexed,True,1,json,0,0.0,0,0,True,True,True,508,508
Q4_K_M,3,native-calibration-9,indexed,False,4,noop,0,0.0,0,0,True,True,True,0,0
BF16,24,native-calibration-1,indexed,True,1,json,0,0.0,0,0,True,True,True,508,508
BF16,24,native-calibration-10,natural,False,1,json,1,0.0,0,0,True,True,True,0,0
BF16,3,native-calibration-11,natural,False,1,json,0,0.0,0,0,True,True,True,0,0
BF16,3,native-calibration-0,natural,True,1,noop,1,0.0,0,0,True,True,True,315,315
BF16,3,native-calibration-10,indexed,True,1,json,0,0.0,0,0,True,True,True,508,508
BF16,24,native-calibration-11,indexed,False,1,json,1,0.0,0,0,True,True,True,0,0
BF16,3,native-calibration-11,natural,True,4,unrelated,0,0.0,0,0,True,True,True,315,315
Q4_K_M,24,native-calibration-2,natural,False,4,unrelated,1,0.0,0,0,True,True,True,0,0
BF16,3,native-calibration-1,indexed,True,1,unrelated,1,0.0,0,0,True,True,True,508,508
Q4_K_M,24,native-calibration-10,indexed,False,1,noop,0,0.0,0,0,True,True,True,0,0
BF16,24,native-calibration-11,natural,False,4,unrelated,0,0.0,0,0,True,True,True,0,0
BF16,24,native-calibration-9,natural,True,1,unrelated,1,0.0,0,0,True,True,True,315,315
Q4_K_M,3,native-calibration-2,natural,False,4,unrelated,0,0.0,0,0,True,True,True,0,0
Q4_K_M,3,native-calibration-1,indexed,False,4,unrelated,0,0.0,0,0,True,True,True,0,0
Q4_K_M,24,native-calibration-0,natural,False,4,json,1,0.0,0,0,True,True,True,0,0
Q4_K_M,24,native-calibration-9,indexed,True,4,json,0,0.0,0,0,True,True,True,508,508
BF16,24,native-calibration-1,natural,False,4,noop,0,0.0,0,0,True,True,True,0,0
BF16,24,native-calibration-1,natural,True,1,noop,1,0.0,0,0,True,True,True,315,315
Q4_K_M,24,native-calibration-11,natural,True,1,json,1,0.0,0,0,True,True,True,315,315
Q4_K_M,3,native-calibration-0,natural,True,4,noop,0,0.0,0,0,True,True,True,315,315
BF16,24,native-calibration-11,indexed,True,1,unrelated,0,0.0,0,0,True,True,True,508,508
BF16,3,native-calibration-10,indexed,True,1,unrelated,0,0.0,0,0,True,True,True,508,508
BF16,3,native-calibration-2,natural,True,4,noop,0,0.0,0,0,True,True,True,315,315
Q4_K_M,3,native-calibration-2,indexed,True,4,unrelated,1,0.0,0,0,True,True,True,508,508
Q4_K_M,24,native-calibration-9,natural,True,1,json,1,0.0,0,0,True,True,True,315,315
BF16,3,native-calibration-11,indexed,True,4,noop,0,0.0,0,0,True,True,True,508,508
BF16,24,native-calibration-10,indexed,True,4,noop,0,0.0,0,0,True,True,True,508,508
BF16,24,native-calibration-0,natural,True,4,noop,0,0.0,0,0,True,True,True,315,315
Q4_K_M,3,native-calibration-0,indexed,True,1,unrelated,1,0.0,0,0,True,True,True,508,508
BF16,24,native-calibration-2,natural,True,1,noop,1,0.0,0,0,True,True,True,315,315
Q4_K_M,3,native-calibration-0,indexed,False,1,unrelated,0,0.0,0,0,True,True,True,0,0
BF16,3,native-calibration-10,indexed,True,1,json,1,0.0,0,0,True,True,True,508,508
Q4_K_M,3,native-calibration-11,indexed,True,4,unrelated,0,0.0,0,0,True,True,True,508,508
BF16,24,native-calibration-0,indexed,True,1,noop,0,0.0,0,0,True,True,True,508,508
Q4_K_M,24,native-calibration-0,natural,True,1,unrelated,1,0.0,0,0,True,True,True,315,315
Q4_K_M,3,native-calibration-1,indexed,False,1,noop,1,0.0,0,0,True,True,True,0,0
BF16,3,native-calibration-0,natural,False,4,unrelated,0,0.0,0,0,True,True,True,0,0
Q4_K_M,24,native-calibration-0,natural,False,4,noop,1,0.0,0,0,True,True,True,0,0
Q4_K_M,24,native-calibration-1,natural,False,4,json,0,0.0,0,0,True,True,True,0,0
BF16,24,native-calibration-1,natural,True,4,json,0,0.0,0,0,True,True,True,315,315
BF16,24,native-calibration-9,natural,False,4,json,0,0.0,0,0,True,True,True,0,0
BF16,24,native-calibration-9,indexed,True,1,unrelated,0,0.0,0,0,True,True,True,508,508
Q4_K_M,24,native-calibration-11,natural,True,1,unrelated,1,0.0,0,0,True,True,True,315,315
BF16,3,native-calibration-11,indexed,False,1,noop,1,0.0,0,0,True,True,True,0,0
BF16,3,native-calibration-1,natural,False,1,json,1,0.0,0,0,True,True,True,0,0
Q4_K_M,3,native-calibration-9,indexed,False,1,json,0,0.0,0,0,True,True,True,0,0
BF16,3,native-calibration-2,indexed,False,4,noop,0,0.0,0,0,True,True,True,0,0
BF16,3,native-calibration-10,natural,False,1,unrelated,1,0.0,0,0,True,True,True,0,0
Q4_K_M,24,native-calibration-1,natural,False,4,noop,1,0.0,0,0,True,True,True,0,0
BF16,3,native-calibration-9,indexed,True,4,json,0,0.0,0,0,True,True,True,508,508
Q4_K_M,3,native-calibration-10,indexed,False,1,json,0,0.0,0,0,True,True,True,0,0
Q4_K_M,24,native-calibration-0,indexed,True,4,noop,1,0.0,0,0,True,True,True,508,508
BF16,3,native-calibration-9,natural,False,4,noop,0,0.0,0,0,True,True,True,0,0
Q4_K_M,24,native-calibration-10,indexed,False,1,noop,1,0.0,0,0,True,True,True,0,0
Q4_K_M,24,native-calibration-1,natural,True,4,json,0,0.0,0,0,True,True,True,315,315
Q4_K_M,3,native-calibration-1,indexed,False,4,json,0,0.0,0,0,True,True,True,0,0
BF16,24,native-calibration-9,indexed,True,1,noop,1,0.0,0,0,True,True,True,508,508
Q4_K_M,24,native-calibration-1,indexed,True,4,noop,1,0.0,0,0,True,True,True,508,508
BF16,3,native-calibration-2,natural,False,1,json,1,0.0,0,0,True,True,True,0,0
BF16,3,native-calibration-9,natural,True,4,unrelated,0,0.0,0,0,True,True,True,315,315
BF16,3,native-calibration-10,natural,True,4,unrelated,0,0.0,0,0,True,True,True,315,315
Q4_K_M,3,native-calibration-2,natural,True,1,noop,0,0.0,0,0,True,True,True,315,315
Q4_K_M,24,native-calibration-11,natural,True,4,json,0,0.0,0,0,True,True,True,315,315
Q4_K_M,24,native-calibration-11,indexed,False,4,noop,1,0.0,0,0,True,True,True,0,0
Q4_K_M,3,native-calibration-0,natural,False,1,noop,1,0.0,0,0,True,True,True,0,0
BF16,3,native-calibration-9,indexed,True,1,noop,0,0.0,0,0,True,True,True,508,508
Q4_K_M,24,native-calibration-2,natural,False,4,json,0,0.0,0,0,True,True,True,0,0
BF16,3,native-calibration-0,indexed,True,4,unrelated,1,0.0,0,0,True,True,True,508,508
Q4_K_M,3,native-calibration-11,indexed,False,1,noop,1,0.0,0,0,True,True,True,0,0
BF16,3,native-calibration-0,indexed,True,4,json,1,0.0,0,0,True,True,True,508,508
BF16,24,native-calibration-0,natural,False,4,json,0,0.0,0,0,True,True,True,0,0
BF16,24,native-calibration-2,indexed,True,1,noop,1,0.0,0,0,True,True,True,508,508
Q4_K_M,24,native-calibration-0,indexed,True,4,json,0,0.0,0,0,True,True,True,508,508
Q4_K_M,3,native-calibration-2,indexed,True,4,noop,1,0.0,0,0,True,True,True,508,508
Q4_K_M,24,native-calibration-2,indexed,False,1,unrelated,1,0.0,0,0,True,True,True,0,0
Q4_K_M,24,native-calibration-9,natural,True,1,json,0,0.0,0,0,True,True,True,315,315
BF16,24,native-calibration-9,natural,False,1,noop,1,0.0,0,0,True,True,True,0,0
BF16,3,native-calibration-9,natural,False,1,noop,1,0.0,0,0,True,True,True,0,0
BF16,3,native-calibration-9,indexed,False,1,noop,0,0.0,0,0,True,True,True,0,0
BF16,3,native-calibration-2,indexed,True,1,unrelated,1,0.0,0,0,True,True,True,508,508
Q4_K_M,24,native-calibration-11,natural,False,4,noop,0,0.0,0,0,True,True,True,0,0
Q4_K_M,3,native-calibration-9,natural,False,1,json,0,0.0,0,0,True,True,True,0,0
BF16,3,native-calibration-2,indexed,True,1,noop,0,0.0,0,0,True,True,True,508,508
Q4_K_M,3,native-calibration-1,natural,True,1,unrelated,1,0.0,0,0,True,True,True,315,315
BF16,3,native-calibration-2,indexed,True,4,unrelated,0,0.0,0,0,True,True,True,508,508
Q4_K_M,24,native-calibration-9,indexed,True,1,noop,0,0.0,0,0,True,True,True,508,508
BF16,3,native-calibration-1,natural,False,1,noop,1,0.0,0,0,True,True,True,0,0
Q4_K_M,3,native-calibration-9,indexed,False,4,unrelated,1,0.0,0,0,True,True,True,0,0
Q4_K_M,24,native-calibration-2,indexed,True,4,noop,0,0.0,0,0,True,True,True,508,508
BF16,24,native-calibration-9,indexed,True,4,noop,1,0.0,0,0,True,True,True,508,508
BF16,3,native-calibration-10,indexed,True,4,json,1,0.0,0,0,True,True,True,508,508
Q4_K_M,24,native-calibration-0,indexed,True,1,unrelated,0,0.0,0,0,True,True,True,508,508
Q4_K_M,24,native-calibration-2,indexed,False,4,json,1,0.0,0,0,True,True,True,0,0
BF16,24,native-calibration-0,indexed,False,4,unrelated,0,0.0,0,0,True,True,True,0,0
BF16,3,native-calibration-1,indexed,False,4,unrelated,1,0.0,0,0,True,True,True,0,0
Q4_K_M,24,native-calibration-9,natural,True,4,json,0,0.0,0,0,True,True,True,315,315
BF16,24,native-calibration-1,natural,True,1,unrelated,0,0.0,0,0,True,True,True,315,315
Q4_K_M,3,native-calibration-9,indexed,True,4,noop,1,0.0,0,0,True,True,True,508,508
BF16,3,native-calibration-2,natural,False,1,noop,1,0.0,0,0,True,True,True,0,0
Q4_K_M,24,native-calibration-10,indexed,True,1,noop,0,0.0,0,0,True,True,True,508,508
BF16,3,native-calibration-1,natural,True,1,json,0,0.0,0,0,True,True,True,315,315
Q4_K_M,24,native-calibration-2,natural,False,1,json,0,0.0,0,0,True,True,True,0,0
Q4_K_M,24,native-calibration-10,natural,False,1,json,0,0.0,0,0,True,True,True,0,0
Q4_K_M,3,native-calibration-0,indexed,False,1,noop,0,0.0,0,0,True,True,True,0,0
BF16,24,native-calibration-11,natural,True,4,unrelated,0,0.0,0,0,True,True,True,315,315
Q4_K_M,24,native-calibration-0,natural,True,4,json,1,0.0,0,0,True,True,True,315,315
Q4_K_M,3,native-calibration-1,natural,False,4,unrelated,0,0.0,0,0,True,True,True,0,0
Q4_K_M,24,native-calibration-1,indexed,True,1,json,1,0.0,0,0,True,True,True,508,508
Q4_K_M,3,native-calibration-9,indexed,True,1,json,0,0.0,0,0,True,True,True,508,508
BF16,24,native-calibration-10,indexed,False,1,json,0,0.0,0,0,True,True,True,0,0
BF16,24,native-calibration-11,indexed,True,4,noop,0,0.0,0,0,True,True,True,508,508
BF16,24,native-calibration-1,indexed,True,4,noop,0,0.0,0,0,True,True,True,508,508
BF16,3,native-calibration-0,natural,False,4,json,1,0.0,0,0,True,True,True,0,0
Q4_K_M,3,native-calibration-2,indexed,False,4,noop,0,0.0,0,0,True,True,True,0,0
BF16,3,native-calibration-0,indexed,False,1,json,1,0.0,0,0,True,True,True,0,0
Q4_K_M,24,native-calibration-10,natural,False,1,noop,1,0.0,0,0,True,True,True,0,0
BF16,3,native-calibration-9,natural,False,4,json,1,0.0,0,0,True,True,True,0,0
Q4_K_M,3,native-calibration-10,natural,True,1,json,1,0.0,0,0,True,True,True,315,315
Q4_K_M,24,native-calibration-1,natural,False,1,unrelated,0,0.0,0,0,True,True,True,0,0
BF16,24,native-calibration-10,natural,True,1,unrelated,0,0.0,0,0,True,True,True,315,315
Q4_K_M,3,native-calibration-11,indexed,False,4,unrelated,0,0.0,0,0,True,True,True,0,0
BF16,24,native-calibration-10,indexed,False,1,noop,0,0.0,0,0,True,True,True,0,0
BF16,3,native-calibration-9,natural,False,4,unrelated,1,0.0,0,0,True,True,True,0,0
BF16,3,native-calibration-11,natural,True,4,json,0,0.0,0,0,True,True,True,315,315
Q4_K_M,3,native-calibration-9,indexed,True,4,noop,0,0.0,0,0,True,True,True,508,508
BF16,24,native-calibration-0,natural,False,1,json,0,0.0,0,0,True,True,True,0,0
Q4_K_M,3,native-calibration-0,indexed,True,1,noop,0,0.0,0,0,True,True,True,508,508
Q4_K_M,3,native-calibration-10,natural,False,4,json,0,0.0,0,0,True,True,True,0,0
Q4_K_M,3,native-calibration-0,natural,False,4,unrelated,0,0.0,0,0,True,True,True,0,0
BF16,24,native-calibration-1,natural,False,1,noop,0,0.0,0,0,True,True,True,0,0
Q4_K_M,24,native-calibration-0,natural,False,4,json,0,0.0,0,0,True,True,True,0,0
BF16,24,native-calibration-10,natural,True,4,noop,1,0.0,0,0,True,True,True,315,315
Q4_K_M,3,native-calibration-11,natural,False,1,json,1,0.0,0,0,True,True,True,0,0
Q4_K_M,24,native-calibration-10,indexed,True,4,json,0,0.0,0,0,True,True,True,508,508
BF16,24,native-calibration-0,indexed,False,4,noop,0,0.0,0,0,True,True,True,0,0
Q4_K_M,3,native-calibration-9,natural,False,1,noop,0,0.0,0,0,True,True,True,0,0
Q4_K_M,3,native-calibration-1,natural,False,1,noop,1,0.0,0,0,True,True,True,0,0
BF16,3,native-calibration-9,natural,True,1,unrelated,1,0.0,0,0,True,True,True,315,315
BF16,3,native-calibration-11,natural,False,1,unrelated,0,0.0,0,0,True,True,True,0,0
BF16,3,native-calibration-10,indexed,False,1,unrelated,0,0.0,0,0,True,True,True,0,0
BF16,24,native-calibration-1,indexed,True,1,noop,1,0.0,0,0,True,True,True,508,508
BF16,3,native-calibration-10,natural,False,1,json,0,0.0,0,0,True,True,True,0,0
Q4_K_M,3,native-calibration-10,natural,True,1,unrelated,0,0.0,0,0,True,True,True,315,315
Q4_K_M,3,native-calibration-10,natural,True,1,json,0,0.0,0,0,True,True,True,315,315
BF16,24,native-calibration-0,natural,True,4,json,0,0.0,0,0,True,True,True,315,315
Q4_K_M,24,native-calibration-9,indexed,False,4,noop,0,0.0,0,0,True,True,True,0,0
Q4_K_M,3,native-calibration-11,indexed,True,1,noop,1,0.0,0,0,True,True,True,508,508
BF16,3,native-calibration-2,natural,True,4,unrelated,1,0.0,0,0,True,True,True,315,315
BF16,24,native-calibration-11,natural,False,1,unrelated,1,0.0,0,0,True,True,True,0,0
Q4_K_M,3,native-calibration-9,indexed,False,1,unrelated,1,0.0,0,0,True,True,True,0,0
Q4_K_M,3,native-calibration-1,natural,True,1,json,0,0.0,0,0,True,True,True,315,315
BF16,3,native-calibration-9,indexed,True,1,json,0,0.0,0,0,True,True,True,508,508
BF16,24,native-calibration-10,indexed,False,4,unrelated,0,0.0,0,0,True,True,True,0,0
Q4_K_M,24,native-calibration-2,indexed,False,1,noop,1,0.0,0,0,True,True,True,0,0
Q4_K_M,3,native-calibration-11,indexed,True,1,json,0,0.0,0,0,True,True,True,508,508
BF16,3,native-calibration-2,indexed,False,4,unrelated,1,0.0,0,0,True,True,True,0,0
Q4_K_M,3,native-calibration-1,indexed,False,1,unrelated,0,0.0,0,0,True,True,True,0,0
Q4_K_M,24,native-calibration-1,natural,True,4,unrelated,1,0.0,0,0,True,True,True,315,315
BF16,24,native-calibration-2,natural,True,1,noop,0,0.0,0,0,True,True,True,315,315
BF16,3,native-calibration-10,indexed,False,4,unrelated,1,0.0,0,0,True,True,True,0,0
BF16,3,native-calibration-10,indexed,True,4,unrelated,1,0.0,0,0,True,True,True,508,508
Q4_K_M,24,native-calibration-2,natural,True,4,unrelated,0,0.0,0,0,True,True,True,315,315
Q4_K_M,24,native-calibration-10,indexed,True,4,json,1,0.0,0,0,True,True,True,508,508
BF16,24,native-calibration-9,natural,False,1,noop,0,0.0,0,0,True,True,True,0,0
Q4_K_M,3,native-calibration-10,natural,False,1,unrelated,0,0.0,0,0,True,True,True,0,0
Q4_K_M,24,native-calibration-9,indexed,True,4,noop,1,0.0,0,0,True,True,True,508,508
BF16,24,native-calibration-2,indexed,True,4,unrelated,0,0.0,0,0,True,True,True,508,508
Q4_K_M,3,native-calibration-1,indexed,True,1,unrelated,1,0.0,0,0,True,True,True,508,508
Q4_K_M,3,native-calibration-1,indexed,False,1,json,0,0.0,0,0,True,True,True,0,0
BF16,24,native-calibration-9,natural,True,4,unrelated,1,0.0,0,0,True,True,True,315,315
Q4_K_M,3,native-calibration-11,indexed,True,4,noop,1,0.0,0,0,True,True,True,508,508
BF16,3,native-calibration-0,natural,True,1,noop,0,0.0,0,0,True,True,True,315,315
Q4_K_M,3,native-calibration-0,indexed,True,1,noop,1,0.0,0,0,True,True,True,508,508
Q4_K_M,3,native-calibration-10,natural,False,1,unrelated,1,0.0,0,0,True,True,True,0,0
BF16,3,native-calibration-1,natural,False,1,unrelated,0,0.0,0,0,True,True,True,0,0
Q4_K_M,24,native-calibration-1,indexed,False,4,noop,0,0.0,0,0,True,True,True,0,0
BF16,3,native-calibration-2,indexed,False,1,noop,0,0.0,0,0,True,True,True,0,0
BF16,3,native-calibration-10,natural,True,1,noop,1,0.0,0,0,True,True,True,315,315
BF16,24,native-calibration-0,natural,True,4,unrelated,1,0.0,0,0,True,True,True,315,315
Q4_K_M,24,native-calibration-2,indexed,False,4,unrelated,1,0.0,0,0,True,True,True,0,0
Q4_K_M,24,native-calibration-0,natural,False,4,unrelated,0,0.0,0,0,True,True,True,0,0
BF16,3,native-calibration-10,indexed,False,1,json,1,0.0,0,0,True,True,True,0,0
BF16,24,native-calibration-0,natural,True,4,json,1,0.0,0,0,True,True,True,315,315
Q4_K_M,3,native-calibration-11,indexed,False,1,noop,0,0.0,0,0,True,True,True,0,0
Q4_K_M,24,native-calibration-10,indexed,True,1,json,1,0.0,0,0,True,True,True,508,508
Q4_K_M,24,native-calibration-9,natural,False,4,unrelated,0,0.0,0,0,True,True,True,0,0
Q4_K_M,3,native-calibration-0,natural,True,1,noop,1,0.0,0,0,True,True,True,315,315
BF16,24,native-calibration-11,indexed,False,4,unrelated,0,0.0,0,0,True,True,True,0,0
BF16,24,native-calibration-2,natural,False,4,json,1,0.0,0,0,True,True,True,0,0
BF16,3,native-calibration-1,natural,True,1,json,1,0.0,0,0,True,True,True,315,315
BF16,3,native-calibration-0,natural,False,1,noop,1,0.0,0,0,True,True,True,0,0
BF16,3,native-calibration-2,natural,False,1,unrelated,0,0.0,0,0,True,True,True,0,0
BF16,3,native-calibration-9,indexed,True,4,json,1,0.0,0,0,True,True,True,508,508
Q4_K_M,24,native-calibration-1,indexed,False,1,noop,0,0.0,0,0,True,True,True,0,0
BF16,3,native-calibration-9,indexed,False,4,unrelated,0,0.0,0,0,True,True,True,0,0
BF16,24,native-calibration-11,indexed,True,4,noop,1,0.0,0,0,True,True,True,508,508
Q4_K_M,3,native-calibration-0,indexed,False,4,unrelated,0,0.0,0,0,True,True,True,0,0
Q4_K_M,3,native-calibration-1,indexed,True,1,json,0,0.0,0,0,True,True,True,508,508
BF16,3,native-calibration-11,indexed,False,1,unrelated,0,0.0,0,0,True,True,True,0,0
Q4_K_M,3,native-calibration-11,indexed,False,1,json,0,0.0,0,0,True,True,True,0,0
Q4_K_M,24,native-calibration-1,indexed,False,4,noop,1,0.0,0,0,True,True,True,0,0
BF16,3,native-calibration-9,natural,False,4,noop,1,0.0,0,0,True,True,True,0,0
BF16,24,native-calibration-9,indexed,True,4,json,1,0.0037624239921569824,0,0,True,True,True,508,508
Q4_K_M,3,native-calibration-11,natural,True,4,json,1,0.0,0,0,True,True,True,315,315
Q4_K_M,3,native-calibration-10,natural,False,4,unrelated,0,0.0,0,0,True,True,True,0,0
BF16,24,native-calibration-1,indexed,False,1,json,1,0.0,0,0,True,True,True,0,0
BF16,24,native-calibration-2,indexed,True,1,json,1,0.0,0,0,True,True,True,508,508
BF16,24,native-calibration-11,natural,True,1,unrelated,1,0.0,0,0,True,True,True,315,315
BF16,3,native-calibration-2,indexed,False,1,noop,1,0.0,0,0,True,True,True,0,0
Q4_K_M,3,native-calibration-1,indexed,True,4,json,0,0.0,0,0,True,True,True,508,508
Q4_K_M,24,native-calibration-11,indexed,True,1,noop,0,0.0,0,0,True,True,True,508,508
BF16,3,native-calibration-11,indexed,True,4,json,0,0.0,0,0,True,True,True,508,508
BF16,24,native-calibration-11,natural,True,1,unrelated,0,0.0,0,0,True,True,True,315,315
BF16,24,native-calibration-10,indexed,False,4,json,0,0.0,0,0,True,True,True,0,0
BF16,3,native-calibration-1,indexed,True,4,unrelated,0,0.0,0,0,True,True,True,508,508
BF16,24,native-calibration-9,natural,True,4,json,1,0.0,0,0,True,True,True,315,315
Q4_K_M,24,native-calibration-1,natural,False,1,noop,1,0.0,0,0,True,True,True,0,0
BF16,3,native-calibration-11,indexed,False,4,noop,1,0.0,0,0,True,True,True,0,0
Q4_K_M,3,native-calibration-11,natural,True,1,json,1,0.0,0,0,True,True,True,315,315
Q4_K_M,3,native-calibration-11,natural,False,4,json,1,0.0,0,0,True,True,True,0,0
BF16,24,native-calibration-1,indexed,True,1,unrelated,0,0.0,0,0,True,True,True,508,508
BF16,3,native-calibration-0,indexed,False,4,noop,0,0.0,0,0,True,True,True,0,0
BF16,3,native-calibration-0,natural,False,1,unrelated,0,0.0,0,0,True,True,True,0,0
Q4_K_M,3,native-calibration-9,natural,False,4,unrelated,1,0.0,0,0,True,True,True,0,0
Q4_K_M,3,native-calibration-2,natural,True,1,json,0,0.0,0,0,True,True,True,315,315
Q4_K_M,24,native-calibration-1,natural,True,4,noop,0,0.0,0,0,True,True,True,315,315
Q4_K_M,3,native-calibration-10,indexed,True,1,unrelated,1,0.0,0,0,True,True,True,508,508
BF16,24,native-calibration-11,indexed,True,4,unrelated,0,0.0,0,0,True,True,True,508,508
Q4_K_M,3,native-calibration-0,indexed,False,4,noop,1,0.0,0,0,True,True,True,0,0
BF16,3,native-calibration-2,natural,False,1,unrelated,1,0.0,0,0,True,True,True,0,0
Q4_K_M,24,native-calibration-11,natural,False,1,unrelated,0,0.0,0,0,True,True,True,0,0
BF16,3,native-calibration-11,natural,True,4,noop,1,0.0,0,0,True,True,True,315,315
Q4_K_M,24,native-calibration-0,natural,False,4,unrelated,1,0.0,0,0,True,True,True,0,0
BF16,24,native-calibration-2,indexed,True,1,noop,0,0.0,0,0,True,True,True,508,508
BF16,24,native-calibration-0,natural,False,1,noop,1,0.0,0,0,True,True,True,0,0
Q4_K_M,24,native-calibration-1,indexed,False,1,unrelated,1,0.0,0,0,True,True,True,0,0
BF16,3,native-calibration-1,indexed,False,1,json,1,0.0,0,0,True,True,True,0,0
BF16,3,native-calibration-11,natural,True,1,json,1,0.0,0,0,True,True,True,315,315
BF16,3,native-calibration-10,natural,True,4,json,0,0.0,0,0,True,True,True,315,315
BF16,24,native-calibration-9,natural,True,1,noop,1,0.0,0,0,True,True,True,315,315
Q4_K_M,3,native-calibration-0,natural,False,1,unrelated,0,0.0,0,0,True,True,True,0,0
Q4_K_M,3,native-calibration-1,indexed,True,1,json,1,0.0,0,0,True,True,True,508,508
Q4_K_M,24,native-calibration-11,indexed,True,4,noop,1,0.0,0,0,True,True,True,508,508
Q4_K_M,3,native-calibration-0,natural,False,4,noop,0,0.0,0,0,True,True,True,0,0
Q4_K_M,24,native-calibration-11,natural,False,4,json,1,0.0,0,0,True,True,True,0,0
Q4_K_M,3,native-calibration-2,indexed,False,4,unrelated,1,0.0,0,0,True,True,True,0,0
Q4_K_M,3,native-calibration-2,indexed,False,1,noop,0,0.0,0,0,True,True,True,0,0
BF16,24,native-calibration-0,natural,True,1,json,1,0.0,0,0,True,True,True,315,315
BF16,3,native-calibration-1,natural,True,4,unrelated,0,0.0,0,0,True,True,True,315,315
BF16,24,native-calibration-1,natural,False,4,noop,1,0.0,0,0,True,True,True,0,0
Q4_K_M,24,native-calibration-9,natural,False,1,noop,0,0.0,0,0,True,True,True,0,0
Q4_K_M,3,native-calibration-11,indexed,True,4,unrelated,1,0.0,0,0,True,True,True,508,508
Q4_K_M,3,native-calibration-2,indexed,False,4,json,0,0.0,0,0,True,True,True,0,0
BF16,24,native-calibration-11,indexed,True,1,json,1,0.0,0,0,True,True,True,508,508
BF16,3,native-calibration-0,natural,True,1,json,1,0.0,0,0,True,True,True,315,315
BF16,24,native-calibration-11,indexed,False,1,noop,1,0.0,0,0,True,True,True,0,0
BF16,3,native-calibration-9,natural,False,1,json,0,0.0,0,0,True,True,True,0,0
BF16,24,native-calibration-11,natural,False,4,unrelated,1,0.0,0,0,True,True,True,0,0
BF16,3,native-calibration-11,natural,False,4,noop,1,0.0,0,0,True,True,True,0,0
Q4_K_M,3,native-calibration-0,indexed,True,4,json,0,0.0,0,0,True,True,True,508,508
BF16,3,native-calibration-0,indexed,False,4,json,0,0.0,0,0,True,True,True,0,0
Q4_K_M,3,native-calibration-10,natural,True,4,unrelated,0,0.0,0,0,True,True,True,315,315
Q4_K_M,3,native-calibration-2,indexed,False,1,noop,1,0.0,0,0,True,True,True,0,0
BF16,24,native-calibration-10,indexed,False,1,json,1,0.0,0,0,True,True,True,0,0
Q4_K_M,24,native-calibration-9,natural,True,4,unrelated,0,0.0,0,0,True,True,True,315,315
Q4_K_M,3,native-calibration-2,natural,False,4,unrelated,1,0.0,0,0,True,True,True,0,0
Q4_K_M,3,native-calibration-9,natural,False,4,noop,1,0.0,0,0,True,True,True,0,0
Q4_K_M,24,native-calibration-10,natural,True,1,noop,1,0.0,0,0,True,True,True,315,315
BF16,3,native-calibration-1,natural,False,1,unrelated,1,0.0,0,0,True,True,True,0,0
Q4_K_M,3,native-calibration-1,indexed,True,1,noop,0,0.0,0,0,True,True,True,508,508
BF16,24,native-calibration-9,indexed,False,1,unrelated,1,0.0,0,0,True,True,True,0,0
BF16,3,native-calibration-1,natural,True,1,unrelated,1,0.0,0,0,True,True,True,315,315
Q4_K_M,24,native-calibration-0,natural,False,1,unrelated,0,0.0,0,0,True,True,True,0,0
BF16,3,native-calibration-2,natural,True,1,unrelated,1,0.0,0,0,True,True,True,315,315
Q4_K_M,3,native-calibration-10,indexed,True,4,json,0,0.0,0,0,True,True,True,508,508
Q4_K_M,3,native-calibration-0,natural,True,4,unrelated,1,0.0,0,0,True,True,True,315,315
Q4_K_M,24,native-calibration-2,natural,True,4,noop,1,0.0,0,0,True,True,True,315,315
BF16,24,native-calibration-11,indexed,True,4,json,0,0.0,0,0,True,True,True,508,508
BF16,24,native-calibration-9,natural,False,4,unrelated,0,0.0,0,0,True,True,True,0,0
BF16,24,native-calibration-2,natural,True,1,json,0,0.0,0,0,True,True,True,315,315
BF16,24,native-calibration-0,indexed,True,1,json,1,0.0,0,0,True,True,True,508,508
Q4_K_M,24,native-calibration-2,indexed,True,1,json,0,0.0,0,0,True,True,True,508,508
Q4_K_M,3,native-calibration-0,indexed,True,4,unrelated,0,0.0,0,0,True,True,True,508,508
BF16,24,native-calibration-11,natural,False,4,noop,1,0.0,0,0,True,True,True,0,0
BF16,24,native-calibration-0,indexed,False,4,json,1,0.0,0,0,True,True,True,0,0
BF16,3,native-calibration-9,natural,False,1,unrelated,0,0.0,0,0,True,True,True,0,0
BF16,24,native-calibration-0,indexed,True,1,json,0,0.0,0,0,True,True,True,508,508
Q4_K_M,3,native-calibration-0,indexed,True,1,json,1,0.0,0,0,True,True,True,508,508
Q4_K_M,3,native-calibration-2,natural,False,4,noop,1,0.0,0,0,True,True,True,0,0
BF16,24,native-calibration-10,indexed,False,4,unrelated,1,0.0,0,0,True,True,True,0,0
Q4_K_M,3,native-calibration-1,indexed,True,4,noop,1,0.0,0,0,True,True,True,508,508
BF16,3,native-calibration-0,natural,True,4,unrelated,1,0.0,0,0,True,True,True,315,315
BF16,24,native-calibration-0,indexed,False,1,unrelated,1,0.0,0,0,True,True,True,0,0
Q4_K_M,3,native-calibration-0,indexed,True,1,json,0,0.0,0,0,True,True,True,508,508
Q4_K_M,24,native-calibration-10,indexed,False,1,json,1,0.0,0,0,True,True,True,0,0
Q4_K_M,3,native-calibration-2,indexed,True,4,json,0,0.0,0,0,True,True,True,508,508
Q4_K_M,24,native-calibration-2,natural,False,4,noop,0,0.0,0,0,True,True,True,0,0
BF16,3,native-calibration-11,natural,True,4,json,1,0.0,0,0,True,True,True,315,315
Q4_K_M,24,native-calibration-0,indexed,False,1,json,1,0.0,0,0,True,True,True,0,0
Q4_K_M,24,native-calibration-11,natural,False,4,unrelated,0,0.0,0,0,True,True,True,0,0
Q4_K_M,3,native-calibration-10,indexed,False,4,noop,0,0.0,0,0,True,True,True,0,0
BF16,3,native-calibration-9,natural,True,1,noop,1,0.0,0,0,True,True,True,315,315
Q4_K_M,3,native-calibration-2,natural,True,4,noop,1,0.0,0,0,True,True,True,315,315
BF16,3,native-calibration-11,indexed,False,1,unrelated,1,0.0,0,0,True,True,True,0,0
BF16,24,native-calibration-0,indexed,False,1,json,1,0.0,0,0,True,True,True,0,0
BF16,24,native-calibration-10,indexed,False,4,json,1,0.0,0,0,True,True,True,0,0
BF16,3,native-calibration-2,natural,True,4,noop,1,0.0,0,0,True,True,True,315,315
Q4_K_M,24,native-calibration-1,indexed,False,1,json,0,0.0,0,0,True,True,True,0,0
BF16,3,native-calibration-0,indexed,True,1,json,0,0.0,0,0,True,True,True,508,508
Q4_K_M,24,native-calibration-2,natural,False,4,json,1,0.0,0,0,True,True,True,0,0
Q4_K_M,24,native-calibration-0,indexed,True,1,noop,1,0.0,0,0,True,True,True,508,508
Q4_K_M,24,native-calibration-0,indexed,False,4,unrelated,0,0.0,0,0,True,True,True,0,0
Q4_K_M,24,native-calibration-9,natural,False,1,noop,1,0.0,0,0,True,True,True,0,0
Q4_K_M,3,native-calibration-2,natural,True,4,noop,0,0.0,0,0,True,True,True,315,315
Q4_K_M,24,native-calibration-10,natural,False,4,unrelated,1,0.0,0,0,True,True,True,0,0
Q4_K_M,24,native-calibration-2,natural,True,1,json,1,0.0,0,0,True,True,True,315,315
Q4_K_M,24,native-calibration-10,indexed,False,4,unrelated,0,0.0,0,0,True,True,True,0,0
BF16,3,native-calibration-1,natural,True,4,json,0,0.0,0,0,True,True,True,315,315
BF16,24,native-calibration-10,indexed,False,1,unrelated,1,0.0,0,0,True,True,True,0,0
BF16,3,native-calibration-0,indexed,False,1,unrelated,0,0.0,0,0,True,True,True,0,0
BF16,24,native-calibration-9,indexed,False,4,unrelated,0,0.0,0,0,True,True,True,0,0
BF16,3,native-calibration-9,natural,True,4,json,1,0.0,0,0,True,True,True,315,315
BF16,24,native-calibration-2,natural,False,4,json,0,0.0,0,0,True,True,True,0,0
BF16,24,native-calibration-1,indexed,False,1,noop,0,0.0,0,0,True,True,True,0,0
Q4_K_M,24,native-calibration-1,indexed,True,4,unrelated,0,0.0,0,0,True,True,True,508,508
BF16,24,native-calibration-2,natural,False,1,noop,1,0.0,0,0,True,True,True,0,0
BF16,3,native-calibration-10,indexed,True,1,noop,0,0.0,0,0,True,True,True,508,508
BF16,24,native-calibration-2,natural,False,1,noop,0,0.0,0,0,True,True,True,0,0
BF16,3,native-calibration-0,indexed,False,1,noop,0,0.0,0,0,True,True,True,0,0
Q4_K_M,3,native-calibration-1,natural,False,1,json,0,0.0,0,0,True,True,True,0,0
Q4_K_M,3,native-calibration-2,natural,True,4,json,0,0.0,0,0,True,True,True,315,315
BF16,3,native-calibration-2,natural,False,1,noop,0,0.0,0,0,True,True,True,0,0
BF16,24,native-calibration-10,natural,False,4,unrelated,0,0.0,0,0,True,True,True,0,0
Q4_K_M,24,native-calibration-11,natural,False,4,noop,1,0.0,0,0,True,True,True,0,0
Q4_K_M,3,native-calibration-1,natural,True,4,unrelated,1,0.0,0,0,True,True,True,315,315
BF16,3,native-calibration-1,natural,False,1,json,0,0.0,0,0,True,True,True,0,0
BF16,3,native-calibration-10,indexed,False,4,unrelated,0,0.0,0,0,True,True,True,0,0
BF16,24,native-calibration-0,indexed,True,1,unrelated,0,0.0,0,0,True,True,True,508,508
BF16,24,native-calibration-9,natural,True,4,json,0,0.0,0,0,True,True,True,315,315
BF16,24,native-calibration-0,indexed,False,4,unrelated,1,0.0,0,0,True,True,True,0,0
BF16,3,native-calibration-1,indexed,True,4,noop,0,0.0,0,0,True,True,True,508,508
Q4_K_M,3,native-calibration-9,indexed,False,1,noop,1,0.0,0,0,True,True,True,0,0
Q4_K_M,3,native-calibration-11,natural,True,4,json,0,0.0,0,0,True,True,True,315,315
Q4_K_M,24,native-calibration-0,indexed,True,1,json,1,0.0,0,0,True,True,True,508,508
Q4_K_M,24,native-calibration-2,natural,True,4,json,1,0.0,0,0,True,True,True,315,315
Q4_K_M,24,native-calibration-2,natural,False,4,noop,1,0.0,0,0,True,True,True,0,0
BF16,3,native-calibration-11,indexed,True,4,unrelated,1,0.0,0,0,True,True,True,508,508
BF16,3,native-calibration-1,natural,True,1,noop,1,0.0,0,0,True,True,True,315,315
BF16,24,native-calibration-1,indexed,True,1,unrelated,1,0.0,0,0,True,True,True,508,508
BF16,24,native-calibration-9,indexed,True,4,json,0,0.0,0,0,True,True,True,508,508
Q4_K_M,24,native-calibration-10,natural,False,4,noop,0,0.0,0,0,True,True,True,0,0
Q4_K_M,24,native-calibration-11,natural,False,1,noop,0,0.0,0,0,True,True,True,0,0
BF16,3,native-calibration-9,natural,True,1,json,1,0.0,0,0,True,True,True,315,315
BF16,3,native-calibration-11,natural,True,4,noop,0,0.0,0,0,True,True,True,315,315
BF16,3,native-calibration-0,indexed,True,1,json,1,0.0,0,0,True,True,True,508,508
BF16,24,native-calibration-11,indexed,False,4,unrelated,1,0.0,0,0,True,True,True,0,0
BF16,24,native-calibration-1,natural,True,4,unrelated,1,0.0,0,0,True,True,True,315,315
Q4_K_M,3,native-calibration-9,natural,True,4,json,0,0.0,0,0,True,True,True,315,315
Q4_K_M,3,native-calibration-11,indexed,False,4,json,1,0.0,0,0,True,True,True,0,0
BF16,24,native-calibration-10,natural,True,1,json,1,0.0,0,0,True,True,True,315,315
BF16,3,native-calibration-0,indexed,False,4,json,1,0.0,0,0,True,True,True,0,0
BF16,3,native-calibration-0,indexed,True,4,noop,0,0.0,0,0,True,True,True,508,508
BF16,24,native-calibration-11,natural,False,4,json,0,0.0,0,0,True,True,True,0,0
Q4_K_M,3,native-calibration-9,natural,True,1,json,1,0.0,0,0,True,True,True,315,315
BF16,3,native-calibration-9,indexed,False,4,unrelated,1,0.0,0,0,True,True,True,0,0
Q4_K_M,3,native-calibration-10,indexed,False,1,noop,0,0.0,0,0,True,True,True,0,0
BF16,24,native-calibration-10,indexed,True,4,json,1,0.0,0,0,True,True,True,508,508
Q4_K_M,24,native-calibration-10,indexed,True,4,unrelated,1,0.0,0,0,True,True,True,508,508
BF16,3,native-calibration-11,natural,True,1,json,0,0.0,0,0,True,True,True,315,315
Q4_K_M,3,native-calibration-9,natural,True,1,noop,1,0.0,0,0,True,True,True,315,315
Q4_K_M,24,native-calibration-1,natural,True,4,unrelated,0,0.0,0,0,True,True,True,315,315
BF16,24,native-calibration-0,natural,False,4,noop,0,0.0,0,0,True,True,True,0,0
Q4_K_M,24,native-calibration-11,natural,False,1,json,1,0.0,0,0,True,True,True,0,0
Q4_K_M,24,native-calibration-11,natural,True,4,noop,0,0.0,0,0,True,True,True,315,315
Q4_K_M,3,native-calibration-1,natural,True,4,unrelated,0,0.0,0,0,True,True,True,315,315
Q4_K_M,24,native-calibration-2,natural,True,4,unrelated,1,0.0,0,0,True,True,True,315,315
Q4_K_M,3,native-calibration-10,natural,False,4,json,1,0.0,0,0,True,True,True,0,0
Q4_K_M,24,native-calibration-10,natural,True,1,json,1,0.0,0,0,True,True,True,315,315
BF16,24,native-calibration-2,natural,True,4,noop,0,0.0,0,0,True,True,True,315,315
Q4_K_M,3,native-calibration-2,indexed,False,4,unrelated,0,0.0,0,0,True,True,True,0,0
Q4_K_M,24,native-calibration-2,natural,False,1,unrelated,1,0.0,0,0,True,True,True,0,0
Q4_K_M,3,native-calibration-0,natural,False,1,noop,0,0.0,0,0,True,True,True,0,0
BF16,3,native-calibration-10,natural,False,1,noop,0,0.0,0,0,True,True,True,0,0
BF16,3,native-calibration-11,natural,False,4,json,1,0.0,0,0,True,True,True,0,0
BF16,24,native-calibration-2,natural,True,1,unrelated,1,0.0,0,0,True,True,True,315,315
Q4_K_M,24,native-calibration-10,natural,True,1,unrelated,1,0.0,0,0,True,True,True,315,315
BF16,3,native-calibration-2,indexed,False,4,noop,1,0.0,0,0,True,True,True,0,0
Q4_K_M,3,native-calibration-10,natural,True,4,json,1,0.0,0,0,True,True,True,315,315
Q4_K_M,3,native-calibration-11,indexed,True,1,json,1,0.0,0,0,True,True,True,508,508
BF16,24,native-calibration-10,indexed,False,4,noop,1,0.0,0,0,True,True,True,0,0
Q4_K_M,24,native-calibration-0,natural,False,1,noop,1,0.0,0,0,True,True,True,0,0
BF16,24,native-calibration-0,indexed,False,1,unrelated,0,0.0,0,0,True,True,True,0,0
Q4_K_M,24,native-calibration-1,natural,False,1,noop,0,0.0,0,0,True,True,True,0,0
Q4_K_M,3,native-calibration-2,natural,False,4,noop,0,0.0,0,0,True,True,True,0,0
Q4_K_M,3,native-calibration-11,natural,True,4,noop,0,0.0,0,0,True,True,True,315,315
BF16,24,native-calibration-1,indexed,False,4,noop,1,0.0,0,0,True,True,True,0,0
BF16,3,native-calibration-10,natural,False,4,unrelated,1,0.0,0,0,True,True,True,0,0
BF16,24,native-calibration-10,natural,False,4,unrelated,1,0.0,0,0,True,True,True,0,0
Q4_K_M,24,native-calibration-11,indexed,False,1,noop,1,0.0,0,0,True,True,True,0,0
Q4_K_M,3,native-calibration-9,natural,True,1,unrelated,1,0.0,0,0,True,True,True,315,315
Q4_K_M,24,native-calibration-2,indexed,True,1,json,1,0.0,0,0,True,True,True,508,508
Q4_K_M,24,native-calibration-10,indexed,True,1,noop,1,0.0,0,0,True,True,True,508,508
BF16,3,native-calibration-2,indexed,True,1,json,1,0.0,0,0,True,True,True,508,508
Q4_K_M,3,native-calibration-10,indexed,True,4,unrelated,1,0.0,0,0,True,True,True,508,508
Q4_K_M,24,native-calibration-11,indexed,False,1,noop,0,0.0,0,0,True,True,True,0,0
BF16,24,native-calibration-9,indexed,False,1,json,0,0.0,0,0,True,True,True,0,0
BF16,3,native-calibration-9,natural,False,1,json,1,0.0,0,0,True,True,True,0,0
BF16,24,native-calibration-0,indexed,True,4,noop,0,0.0,0,0,True,True,True,508,508
BF16,3,native-calibration-9,natural,True,4,noop,1,0.0,0,0,True,True,True,315,315
BF16,3,native-calibration-1,indexed,True,4,json,0,0.0,0,0,True,True,True,508,508
Q4_K_M,24,native-calibration-9,indexed,False,4,json,1,0.0,0,0,True,True,True,0,0
Q4_K_M,3,native-calibration-11,natural,False,1,unrelated,0,0.0,0,0,True,True,True,0,0
Q4_K_M,24,native-calibration-2,natural,True,1,noop,0,0.0,0,0,True,True,True,315,315
BF16,3,native-calibration-11,indexed,False,1,noop,0,0.0,0,0,True,True,True,0,0
Q4_K_M,24,native-calibration-10,natural,False,1,json,1,0.0,0,0,True,True,True,0,0
BF16,3,native-calibration-11,natural,False,1,unrelated,1,0.0,0,0,True,True,True,0,0
Q4_K_M,24,native-calibration-2,natural,True,1,unrelated,0,0.0,0,0,True,True,True,315,315
BF16,24,native-calibration-2,natural,False,4,noop,1,0.0,0,0,True,True,True,0,0
BF16,24,native-calibration-2,natural,False,1,unrelated,1,0.0,0,0,True,True,True,0,0
Q4_K_M,24,native-calibration-0,natural,False,1,json,1,0.0,0,0,True,True,True,0,0
Q4_K_M,3,native-calibration-9,natural,False,1,noop,1,0.0,0,0,True,True,True,0,0
BF16,24,native-calibration-9,indexed,False,4,noop,0,0.0,0,0,True,True,True,0,0
BF16,3,native-calibration-11,indexed,True,1,unrelated,1,0.0,0,0,True,True,True,508,508
BF16,3,native-calibration-0,indexed,True,4,json,0,0.0,0,0,True,True,True,508,508
Q4_K_M,24,native-calibration-9,natural,False,4,json,0,0.0,0,0,True,True,True,0,0
Q4_K_M,24,native-calibration-9,indexed,False,4,json,0,0.0,0,0,True,True,True,0,0
BF16,3,native-calibration-1,natural,False,4,unrelated,0,0.0,0,0,True,True,True,0,0
BF16,24,native-calibration-11,natural,True,4,noop,1,0.0,0,0,True,True,True,315,315
BF16,24,native-calibration-11,natural,True,4,unrelated,1,0.0,0,0,True,True,True,315,315
Q4_K_M,3,native-calibration-1,indexed,False,1,noop,0,0.0,0,0,True,True,True,0,0
BF16,24,native-calibration-0,indexed,True,4,json,1,0.0,0,0,True,True,True,508,508
BF16,24,native-calibration-9,natural,True,4,noop,0,0.0,0,0,True,True,True,315,315
BF16,3,native-calibration-2,natural,False,4,json,0,0.0,0,0,True,True,True,0,0
BF16,3,native-calibration-1,natural,False,4,json,0,0.0,0,0,True,True,True,0,0
Q4_K_M,3,native-calibration-11,natural,True,4,noop,1,0.0,0,0,True,True,True,315,315
Q4_K_M,24,native-calibration-9,natural,False,1,json,1,0.0,0,0,True,True,True,0,0
BF16,24,native-calibration-9,natural,True,1,noop,0,0.0,0,0,True,True,True,315,315
Q4_K_M,24,native-calibration-10,natural,False,4,json,1,0.0,0,0,True,True,True,0,0
BF16,24,native-calibration-2,indexed,True,4,noop,1,0.0,0,0,True,True,True,508,508
Q4_K_M,24,native-calibration-11,natural,True,4,json,1,0.0,0,0,True,True,True,315,315
BF16,24,native-calibration-2,indexed,False,1,unrelated,1,0.0,0,0,True,True,True,0,0
BF16,3,native-calibration-10,natural,False,1,json,1,0.0,0,0,True,True,True,0,0
BF16,3,native-calibration-11,indexed,False,4,noop,0,0.0,0,0,True,True,True,0,0
Q4_K_M,24,native-calibration-1,natural,False,4,unrelated,1,0.0,0,0,True,True,True,0,0
BF16,24,native-calibration-2,indexed,False,4,unrelated,0,0.0,0,0,True,True,True,0,0
Q4_K_M,24,native-calibration-0,natural,True,4,unrelated,0,0.0,0,0,True,True,True,315,315
BF16,3,native-calibration-2,indexed,True,1,unrelated,0,0.0,0,0,True,True,True,508,508
BF16,24,native-calibration-2,indexed,False,1,unrelated,0,0.0,0,0,True,True,True,0,0
Q4_K_M,3,native-calibration-9,indexed,True,1,noop,0,0.0,0,0,True,True,True,508,508
BF16,3,native-calibration-11,natural,True,1,unrelated,0,0.0,0,0,True,True,True,315,315
Q4_K_M,24,native-calibration-1,indexed,True,1,unrelated,1,0.0,0,0,True,True,True,508,508
Q4_K_M,24,native-calibration-2,natural,True,1,noop,1,0.0,0,0,True,True,True,315,315
BF16,3,native-calibration-10,natural,False,4,json,0,0.0,0,0,True,True,True,0,0
BF16,3,native-calibration-11,indexed,True,1,json,1,0.0,0,0,True,True,True,508,508
BF16,3,native-calibration-10,indexed,True,4,unrelated,0,0.0,0,0,True,True,True,508,508
Q4_K_M,3,native-calibration-2,indexed,True,1,json,1,0.0,0,0,True,True,True,508,508
BF16,24,native-calibration-11,indexed,False,1,unrelated,0,0.0,0,0,True,True,True,0,0
Q4_K_M,24,native-calibration-0,natural,True,4,unrelated,1,0.0,0,0,True,True,True,315,315
Q4_K_M,24,native-calibration-11,indexed,False,4,unrelated,1,0.0,0,0,True,True,True,0,0
BF16,3,native-calibration-0,natural,True,4,noop,1,0.0,0,0,True,True,True,315,315
BF16,3,native-calibration-2,natural,True,1,json,1,0.0,0,0,True,True,True,315,315
Q4_K_M,24,native-calibration-11,indexed,True,4,unrelated,0,0.0,0,0,True,True,True,508,508
BF16,3,native-calibration-0,indexed,True,1,noop,1,0.0,0,0,True,True,True,508,508
Q4_K_M,24,native-calibration-0,natural,True,1,unrelated,0,0.0,0,0,True,True,True,315,315
BF16,24,native-calibration-9,natural,True,4,noop,1,0.0,0,0,True,True,True,315,315
BF16,24,native-calibration-11,indexed,False,1,noop,0,0.0,0,0,True,True,True,0,0
BF16,24,native-calibration-11,indexed,False,1,unrelated,1,0.0,0,0,True,True,True,0,0
Q4_K_M,24,native-calibration-9,indexed,True,1,json,1,0.0,0,0,True,True,True,508,508
Q4_K_M,3,native-calibration-0,indexed,False,1,json,1,0.0,0,0,True,True,True,0,0
BF16,3,native-calibration-10,natural,True,1,unrelated,0,0.0,0,0,True,True,True,315,315
Q4_K_M,3,native-calibration-9,indexed,False,1,unrelated,0,0.0,0,0,True,True,True,0,0
Q4_K_M,3,native-calibration-9,natural,False,1,json,1,0.0,0,0,True,True,True,0,0
Q4_K_M,3,native-calibration-1,indexed,True,4,unrelated,1,0.0,0,0,True,True,True,508,508
Q4_K_M,3,native-calibration-11,indexed,False,4,noop,0,0.0,0,0,True,True,True,0,0
Q4_K_M,24,native-calibration-9,indexed,True,4,unrelated,1,0.0,0,0,True,True,True,508,508
BF16,3,native-calibration-2,natural,True,4,unrelated,0,0.0,0,0,True,True,True,315,315
BF16,24,native-calibration-10,indexed,True,4,noop,1,0.0,0,0,True,True,True,508,508
BF16,3,native-calibration-10,indexed,True,1,unrelated,1,0.0,0,0,True,True,True,508,508
Q4_K_M,3,native-calibration-9,indexed,False,4,unrelated,0,0.0,0,0,True,True,True,0,0
BF16,24,native-calibration-9,indexed,False,1,noop,1,0.0,0,0,True,True,True,0,0
BF16,3,native-calibration-9,indexed,True,1,json,1,0.0,0,0,True,True,True,508,508
Q4_K_M,3,native-calibration-10,indexed,True,1,unrelated,0,0.0,0,0,True,True,True,508,508
BF16,24,native-calibration-9,natural,True,4,unrelated,0,0.0,0,0,True,True,True,315,315
BF16,24,native-calibration-11,indexed,True,1,noop,0,0.0,0,0,True,True,True,508,508
BF16,24,native-calibration-9,indexed,True,4,unrelated,1,0.0,0,0,True,True,True,508,508
Q4_K_M,24,native-calibration-2,indexed,True,4,unrelated,0,0.0,0,0,True,True,True,508,508
BF16,3,native-calibration-2,indexed,False,4,json,0,0.0,0,0,True,True,True,0,0
Q4_K_M,24,native-calibration-0,indexed,False,4,unrelated,1,0.0,0,0,True,True,True,0,0
BF16,24,native-calibration-10,indexed,True,1,json,0,0.0,0,0,True,True,True,508,508
