precision,seqs,readout,cache,batch,intervention,episodes,anchors,max_dp,failed_episodes,unstable_pre_repeats,field_flips,action_flips
BF16,3,indexed,False,1,json,12,6,0.0,0,0,0,0
BF16,3,indexed,False,1,noop,12,6,0.0,0,0,0,0
BF16,3,indexed,False,1,unrelated,12,6,0.0,0,0,0,0
BF16,3,indexed,False,4,json,12,6,0.0,0,0,0,0
BF16,3,indexed,False,4,noop,12,6,0.0,0,0,0,0
BF16,3,indexed,False,4,unrelated,12,6,0.0,0,0,0,0
BF16,3,indexed,True,1,json,12,6,0.0,0,0,0,0
BF16,3,indexed,True,1,noop,12,6,0.0,0,0,0,0
BF16,3,indexed,True,1,unrelated,12,6,0.0,0,0,0,0
BF16,3,indexed,True,4,json,12,6,0.00400853157043457,0,0,0,0
BF16,3,indexed,True,4,noop,12,6,0.0,0,0,0,0
BF16,3,indexed,True,4,unrelated,12,6,0.0,0,0,0,0
BF16,3,natural,False,1,json,12,6,0.0010131336748600006,0,0,0,0
BF16,3,natural,False,1,noop,12,6,0.0,0,0,0,0
BF16,3,natural,False,1,unrelated,12,6,0.0,0,0,0,0
BF16,3,natural,False,4,json,12,6,0.0,0,0,0,0
BF16,3,natural,False,4,noop,12,6,0.0,0,0,0,0
BF16,3,natural,False,4,unrelated,12,6,0.0,0,0,0,0
BF16,3,natural,True,1,json,12,6,0.0,0,0,0,0
BF16,3,natural,True,1,noop,12,6,0.0,0,0,0,0
BF16,3,natural,True,1,unrelated,12,6,0.0,0,0,0,0
BF16,3,natural,True,4,json,12,6,0.0,0,0,0,0
BF16,3,natural,True,4,noop,12,6,0.0,0,0,0,0
BF16,3,natural,True,4,unrelated,12,6,0.0,0,0,0,0
BF16,24,indexed,False,1,json,12,6,0.0,0,0,0,0
BF16,24,indexed,False,1,noop,12,6,0.0,0,0,0,0
BF16,24,indexed,False,1,unrelated,12,6,0.0,0,0,0,0
BF16,24,indexed,False,4,json,12,6,0.0,0,0,0,0
BF16,24,indexed,False,4,noop,12,6,0.0,0,0,0,0
BF16,24,indexed,False,4,unrelated,12,6,0.0,0,0,0,0
BF16,24,indexed,True,1,json,12,6,0.0,0,0,0,0
BF16,24,indexed,True,1,noop,12,6,0.0,0,0,0,0
BF16,24,indexed,True,1,unrelated,12,6,0.0,0,0,0,0
BF16,24,indexed,True,4,json,12,6,0.0037624239921569824,0,0,0,0
BF16,24,indexed,True,4,noop,12,6,0.0,0,0,0,0
BF16,24,indexed,True,4,unrelated,12,6,0.0,0,0,0,0
BF16,24,natural,False,1,json,12,6,0.0,0,0,0,0
BF16,24,natural,False,1,noop,12,6,0.0,0,0,0,0
BF16,24,natural,False,1,unrelated,12,6,0.0,0,0,0,0
BF16,24,natural,False,4,json,12,6,0.0,0,0,0,0
BF16,24,natural,False,4,noop,12,6,0.0,0,0,0,0
BF16,24,natural,False,4,unrelated,12,6,0.0,0,0,0,0
BF16,24,natural,True,1,json,12,6,0.0,0,0,0,0
BF16,24,natural,True,1,noop,12,6,0.0,0,0,0,0
BF16,24,natural,True,1,unrelated,12,6,0.0,0,0,0,0
BF16,24,natural,True,4,json,12,6,0.0,0,0,0,0
BF16,24,natural,True,4,noop,12,6,0.0,0,0,0,0
BF16,24,natural,True,4,unrelated,12,6,0.0,0,0,0,0
Q4_K_M,3,indexed,False,1,json,12,6,0.0,0,0,0,0
Q4_K_M,3,indexed,False,1,noop,12,6,0.0,0,0,0,0
Q4_K_M,3,indexed,False,1,unrelated,12,6,0.0,0,0,0,0
Q4_K_M,3,indexed,False,4,json,12,6,0.0,0,0,0,0
Q4_K_M,3,indexed,False,4,noop,12,6,0.0,0,0,0,0
Q4_K_M,3,indexed,False,4,unrelated,12,6,0.0,0,0,0,0
Q4_K_M,3,indexed,True,1,json,12,6,0.0,0,0,0,0
Q4_K_M,3,indexed,True,1,noop,12,6,0.0,0,0,0,0
Q4_K_M,3,indexed,True,1,unrelated,12,6,0.0,0,0,0,0
Q4_K_M,3,indexed,True,4,json,12,6,0.04060688614845276,1,0,1,0
Q4_K_M,3,indexed,True,4,noop,12,6,0.0,0,0,0,0
Q4_K_M,3,indexed,True,4,unrelated,12,6,0.0,0,0,0,0
Q4_K_M,3,natural,False,1,json,12,6,0.029940970242023468,1,0,0,0
Q4_K_M,3,natural,False,1,noop,12,6,0.0,0,0,0,0
Q4_K_M,3,natural,False,1,unrelated,12,6,0.0,0,0,0,0
Q4_K_M,3,natural,False,4,json,12,6,0.0,0,0,0,0
Q4_K_M,3,natural,False,4,noop,12,6,0.0,0,0,0,0
Q4_K_M,3,natural,False,4,unrelated,12,6,0.0,0,0,0,0
Q4_K_M,3,natural,True,1,json,12,6,0.0,0,0,0,0
Q4_K_M,3,natural,True,1,noop,12,6,0.0,0,0,0,0
Q4_K_M,3,natural,True,1,unrelated,12,6,0.0,0,0,0,0
Q4_K_M,3,natural,True,4,json,12,6,0.0,0,0,0,0
Q4_K_M,3,natural,True,4,noop,12,6,0.0,0,0,0,0
Q4_K_M,3,natural,True,4,unrelated,12,6,0.0,0,0,0,0
Q4_K_M,24,indexed,False,1,json,12,6,0.0,0,0,0,0
Q4_K_M,24,indexed,False,1,noop,12,6,0.0,0,0,0,0
Q4_K_M,24,indexed,False,1,unrelated,12,6,0.0,0,0,0,0
Q4_K_M,24,indexed,False,4,json,12,6,0.0,0,0,0,0
Q4_K_M,24,indexed,False,4,noop,12,6,0.0,0,0,0,0
Q4_K_M,24,indexed,False,4,unrelated,12,6,0.0,0,0,0,0
Q4_K_M,24,indexed,True,1,json,12,6,0.0,0,0,0,0
Q4_K_M,24,indexed,True,1,noop,12,6,0.0,0,0,0,0
Q4_K_M,24,indexed,True,1,unrelated,12,6,0.0,0,0,0,0
Q4_K_M,24,indexed,True,4,json,12,6,0.031796231865882874,1,0,0,0
Q4_K_M,24,indexed,True,4,noop,12,6,0.0,0,0,0,0
Q4_K_M,24,indexed,True,4,unrelated,12,6,0.0,0,0,0,0
Q4_K_M,24,natural,False,1,json,12,6,0.0,0,0,0,0
Q4_K_M,24,natural,False,1,noop,12,6,0.0,0,0,0,0
Q4_K_M,24,natural,False,1,unrelated,12,6,0.0,0,0,0,0
Q4_K_M,24,natural,False,4,json,12,6,0.0,0,0,0,0
Q4_K_M,24,natural,False,4,noop,12,6,0.0,0,0,0,0
Q4_K_M,24,natural,False,4,unrelated,12,6,0.0,0,0,0,0
Q4_K_M,24,natural,True,1,json,12,6,0.0,0,0,0,0
Q4_K_M,24,natural,True,1,noop,12,6,0.0,0,0,0,0
Q4_K_M,24,natural,True,1,unrelated,12,6,0.0,0,0,0,0
Q4_K_M,24,natural,True,4,json,12,6,0.0,0,0,0,0
Q4_K_M,24,natural,True,4,noop,12,6,0.0,0,0,0,0
Q4_K_M,24,natural,True,4,unrelated,12,6,0.0,0,0,0,0
