precision,id,readout,max_dp,field_flips,action_flips,passed
Q4_K_M,native-calibration-11,aliases,0.3626467287540436,1,0,False
Q4_K_M,native-calibration-1,aliases,0.8261739760637283,3,1,False
Q4_K_M,native-calibration-1,indexed,0.39075062051415443,3,0,False
Q4_K_M,native-calibration-2,aliases,0.7064125314354897,2,0,False
BF16,native-calibration-7,indexed,0.4519145265221596,3,0,False
BF16,native-calibration-11,aliases,0.3896021619439125,1,0,False
BF16,native-calibration-2,indexed,0.3730037622153759,1,0,False
BF16,native-calibration-6,aliases,0.697094711358659,3,1,False
Q4_K_M,native-calibration-5,indexed,0.6399345844984055,2,0,False
BF16,native-calibration-4,indexed,0.6805305443704128,1,0,False
BF16,native-calibration-1,aliases,0.7633736357092857,3,1,False
BF16,native-calibration-7,aliases,0.8151146471500397,3,1,False
Q4_K_M,native-calibration-6,aliases,0.8027391284704208,2,1,False
BF16,native-calibration-5,aliases,0.6160299740731716,4,1,False
Q4_K_M,native-calibration-10,indexed,0.7151078283786774,1,0,False
Q4_K_M,native-calibration-9,aliases,0.9969476603437215,4,1,False
BF16,native-calibration-9,aliases,0.9970965734682977,3,0,False
Q4_K_M,native-calibration-10,aliases,0.8664300367236137,3,1,False
Q4_K_M,native-calibration-6,indexed,0.38421257585287094,2,0,False
Q4_K_M,native-calibration-9,indexed,0.6567130386829376,2,0,False
BF16,native-calibration-5,indexed,0.5099701583385468,2,0,False
Q4_K_M,native-calibration-8,indexed,0.45393696799874306,2,0,False
Q4_K_M,native-calibration-3,aliases,0.9963876368710771,4,1,False
BF16,native-calibration-8,indexed,0.5027731992304325,1,0,False
BF16,native-calibration-3,indexed,0.41963478550314903,2,0,False
Q4_K_M,native-calibration-4,aliases,0.8862279318273067,4,1,False
BF16,native-calibration-6,indexed,0.5232530795037746,2,0,False
Q4_K_M,native-calibration-7,aliases,0.8670446760952473,3,1,False
BF16,native-calibration-0,indexed,0.5307012647390366,2,0,False
Q4_K_M,native-calibration-5,aliases,0.6517527811229229,2,1,False
BF16,native-calibration-10,aliases,0.8157186135649681,3,1,False
Q4_K_M,native-calibration-7,indexed,0.4423782005906105,2,0,False
BF16,native-calibration-8,aliases,0.7451985850930214,2,0,False
Q4_K_M,native-calibration-3,indexed,0.4236515201628208,2,0,False
Q4_K_M,native-calibration-2,indexed,0.36104488372802734,2,0,False
BF16,native-calibration-2,aliases,0.7252279240638018,2,0,False
Q4_K_M,native-calibration-0,aliases,0.9993678327009548,4,1,False
Q4_K_M,native-calibration-8,aliases,0.6972640976309776,2,0,False
BF16,native-calibration-11,indexed,0.6705784797668457,1,0,False
BF16,native-calibration-10,indexed,0.596289187669754,1,0,False
BF16,native-calibration-4,aliases,0.8031443804502487,4,1,False
BF16,native-calibration-0,aliases,0.9995853567379527,4,1,False
BF16,native-calibration-1,indexed,0.41210177540779114,2,0,False
BF16,native-calibration-9,indexed,0.5420185029506683,3,0,False
Q4_K_M,native-calibration-11,indexed,0.7413235828280449,1,0,False
Q4_K_M,native-calibration-0,indexed,0.6334729455411434,2,0,False
Q4_K_M,native-calibration-4,indexed,0.7405325528234243,2,0,False
BF16,native-calibration-3,aliases,0.9983811077545397,4,1,False
