precision,arm,field,unique_cases,observations,accuracy
BF16,aliases,case_state,36,72,0.6666666666666666
BF16,aliases,route,44,88,0.5681818181818182
BF16,indexed,case_state,36,72,0.8333333333333334
BF16,indexed,route,44,88,0.9545454545454546
BF16,indexed_derive,case_state,36,72,0.9722222222222222
BF16,indexed_derive,route,44,88,0.8636363636363636
BF16,json,case_state,36,72,0.9722222222222222
BF16,json,route,44,88,0.9545454545454546
BF16,natural,case_state,36,72,0.0
BF16,natural,route,44,88,0.0
BF16,natural_derive,case_state,36,72,0.0
BF16,natural_derive,route,44,88,0.0
Q4_K_M,aliases,case_state,36,72,0.6388888888888888
Q4_K_M,aliases,route,44,88,0.4318181818181818
Q4_K_M,indexed,case_state,36,72,0.6388888888888888
Q4_K_M,indexed,route,44,88,0.8863636363636364
Q4_K_M,indexed_derive,case_state,36,72,0.7777777777777778
Q4_K_M,indexed_derive,route,44,88,0.8863636363636364
Q4_K_M,json,case_state,36,72,1.0
Q4_K_M,json,route,44,88,0.9318181818181818
Q4_K_M,natural,case_state,36,72,0.0
Q4_K_M,natural,route,44,88,0.0
Q4_K_M,natural_derive,case_state,36,72,0.0
Q4_K_M,natural_derive,route,44,88,0.0
