precision,arm,baseline,paired_cases,accuracy_delta_pp,ci95_low_pp,ci95_high_pp
Q4_K_M,natural_offline_derive,natural,96,4.427083333333334,2.9513888888888893,6.076388888888889
Q4_K_M,aliases,natural,96,4.774305555555556,1.8229166666666672,7.899305555555556
Q4_K_M,json,natural,96,11.979166666666668,7.986111111111112,16.145833333333336
Q4_K_M,indexed_derive,natural,96,2.1701388888888884,-2.0855034722222228,6.859809027777766
Q4_K_M,natural_derive,natural,96,4.079861111111112,2.1701388888888893,6.076388888888889
Q4_K_M,indexed,natural,96,-0.43402777777777796,-5.208333333333334,4.600694444444445
Q4_K_M,indexed_offline_derive,natural,96,0.868055555555555,-3.8194444444444446,5.989583333333334
BF16,natural_offline_derive,natural,96,4.8611111111111125,3.298611111111112,6.597222222222222
BF16,aliases,natural,96,4.340277777777779,0.7812500000000009,7.986111111111112
BF16,json,natural,96,10.329861111111112,6.163194444444445,14.496527777777779
BF16,indexed_derive,natural,96,3.298611111111112,-0.9548611111111107,8.161892361111098
BF16,natural_derive,natural,96,4.947916666666668,3.2096354166666665,6.7730034722222126
BF16,indexed,natural,96,3.125000000000001,-1.1284722222222214,7.725694444444444
BF16,indexed_offline_derive,natural,96,4.687500000000001,0.434027777777779,9.203559027777764
Q4_K_M,indexed_derive,indexed,96,2.6041666666666674,0.6944444444444452,4.513888888888889
Q4_K_M,indexed_offline_derive,indexed,96,1.3020833333333335,0.34722222222222227,2.34375
BF16,indexed_derive,indexed,96,0.17361111111111144,-1.6493055555555554,1.9965277777777777
BF16,indexed_offline_derive,indexed,96,1.5625,0.3472222222222225,2.777777777777778
