precision,arm,eligibility_correct,next_action_correct,route_correct,case_state_correct,retries_correct,urgent_correct
BF16,aliases,0.8541666666666666,0.7916666666666666,0.5,0.828125,1.0,1.0
BF16,indexed,0.9583333333333334,0.8645833333333334,0.5,0.8489583333333334,0.8541666666666666,0.875
BF16,indexed_derive,0.9583333333333334,0.9583333333333334,0.3958333333333333,0.890625,0.8125,0.8958333333333334
BF16,indexed_offline_derive,0.9583333333333334,0.9583333333333334,0.5,0.8489583333333334,0.8541666666666666,0.875
BF16,json,0.8958333333333334,0.875,0.6354166666666666,0.9895833333333334,1.0,0.9375
BF16,natural,0.9583333333333334,0.6666666666666666,0.484375,0.6041666666666666,1.0,1.0
BF16,natural_derive,0.96875,0.96875,0.4895833333333333,0.5833333333333334,1.0,1.0
BF16,natural_offline_derive,0.9583333333333334,0.9583333333333334,0.484375,0.6041666666666666,1.0,1.0
Q4_K_M,aliases,0.9166666666666666,0.8020833333333334,0.4895833333333333,0.7864583333333334,1.0,1.0
Q4_K_M,indexed,0.96875,0.890625,0.4635416666666667,0.7395833333333334,0.890625,0.7291666666666666
Q4_K_M,indexed_derive,0.9322916666666666,0.9322916666666666,0.40625,0.78125,0.90625,0.8802083333333334
Q4_K_M,indexed_offline_derive,0.96875,0.96875,0.4635416666666667,0.7395833333333334,0.890625,0.7291666666666666
Q4_K_M,json,0.8958333333333334,0.8854166666666666,0.6979166666666666,1.0,1.0,0.9479166666666666
Q4_K_M,natural,0.9583333333333334,0.6927083333333334,0.4791666666666667,0.578125,1.0,1.0
Q4_K_M,natural_derive,0.9583333333333334,0.9583333333333334,0.4895833333333333,0.546875,1.0,1.0
Q4_K_M,natural_offline_derive,0.9583333333333334,0.9583333333333334,0.4791666666666667,0.578125,1.0,1.0
