precision,arm,unique_cases,case_observations,accuracy,all_fields_accuracy,nll,brier,inconsistency_rate,p50_ms,p95_ms
Q4_K_M,natural,96,192,0.7847222222222222,0.15104166666666666,0.933868052312993,0.3633844892618898,0.2864583333333333,111.12771550006073,113.93566275013427
Q4_K_M,natural_offline_derive,96,192,0.8289930555555555,0.234375,0.8739736138286012,0.3101352320558543,0.0,,
Q4_K_M,aliases,96,192,0.8324652777777778,0.2916666666666667,0.4350605380402648,0.23979912944770565,0.13541666666666666,119.95209299993803,124.0906185999961
Q4_K_M,json,96,192,0.9045138888888888,0.6458333333333334,,,0.010416666666666666,494.9929089999614,504.28072219997375
Q4_K_M,indexed_derive,96,192,0.8064236111111112,0.2552083333333333,0.49260176446721243,0.26132888276953337,0.0,126.63221849993533,129.18439309991072
Q4_K_M,natural_derive,96,192,0.8255208333333334,0.234375,0.9633013784920874,0.3139963098038772,0.0,107.73265299997092,110.63211479988695
Q4_K_M,indexed,96,192,0.7803819444444445,0.28125,0.5076211277431618,0.2826205219781755,0.09895833333333333,131.18066549998275,136.78049330012527
Q4_K_M,indexed_offline_derive,96,192,0.7934027777777778,0.3072916666666667,0.4617006880934466,0.25128159552527984,0.0,,
BF16,indexed_derive,96,192,0.8185763888888888,0.24479166666666666,0.4954517835780084,0.26616389878837404,0.0,91.31934349989024,93.34662575004131
BF16,natural,96,192,0.7855902777777778,0.16666666666666666,0.9850027668388419,0.35899993914167433,0.3125,79.96839399993405,82.14581379970696
BF16,natural_offline_derive,96,192,0.8342013888888888,0.25,0.9237444648150969,0.3039806422626864,0.0,,
BF16,indexed,96,192,0.8168402777777778,0.265625,0.49503040013594307,0.2731958187513093,0.13541666666666666,94.89263149998806,101.23466754992023
BF16,indexed_offline_derive,96,192,0.8324652777777778,0.3072916666666667,0.44541260958407114,0.23950623863714637,0.0,,
BF16,natural_derive,96,192,0.8350694444444445,0.23958333333333334,0.9966098984502184,0.31004353216090935,0.0,77.0936310000252,79.13979254999504
BF16,json,96,192,0.8888888888888888,0.5625,,,0.020833333333333332,578.7604670001656,617.8830995999078
BF16,aliases,96,192,0.8289930555555555,0.3177083333333333,0.42628057427868865,0.2367912508119648,0.14583333333333334,88.9667475000806,94.36279534984351
