review_id,partition,selection_role,state_id,question_id,source_state_sha256,locked_target_kind,primary_target_kind,independent_target_kind,followup_target_kind,review_provenance,reason_code,existing_gold_evidence_count,label_disagrees_with_locked,action
ok4e2_044f26faa19c5743,policy_development,policy_all_error,qasper:train:2001.05493,qasper:train:2001.05493:61404466cf86a21f0c1783ce535eb39a01528ce8,10184f39d68c491cdb12581237d7d252d34116918b240d62b2511f7c16f55df2,semantic_none,semantic_none,,semantic_none,primary_agreed_locked_not_independently_adjudicated,missing_evidence,0,False,no_label_change
ok4e2_8b86e767c973f576,policy_development,policy_all_error,qasper:validation:1603.01514,qasper:validation:1603.01514:111afb77cfbf4c98e0458606378fa63a0e965e36,9c9d966e030feff14097ea04d5608302f1cb0ec476b958f12615d337e4b3d3ef,answerable,answerable,,answerable,primary_agreed_locked_not_independently_adjudicated,explicit_answer,1,False,no_label_change
ok4e2_127dee1fe42bb0ec,calibration_gate,gate_state_diverse_error_sample,qasper:test:1701.03578,qasper:test:1701.03578:e2a507749a4a3201edd6413c77ad0d4c23e9c6ce,1b34abf93c6b0cbdd900a286a9e38eb0ea80c8dbef2622b23f5a0413bad21349,semantic_none,semantic_none,,semantic_none,primary_agreed_locked_not_independently_adjudicated,missing_evidence,0,False,gate_diagnostic_only
ok4e2_4046db28ad1218d2,policy_development,policy_all_error,qasper:train:1911.03154,qasper:train:1911.03154:317a6f211ecf48c58f008c12fbd5d41901db3e36,bd65efbf86fd2d3c7e679807e4a9a6e38b4f81c41a63cdcad2265a412a2d55aa,answerable,answerable,,answerable,primary_agreed_locked_not_independently_adjudicated,explicit_answer,1,False,no_label_change
ok4e2_4731e571951e60d5,policy_development,policy_all_error,qasper:train:2004.04435,qasper:train:2004.04435:e2cfaa2ec89b944bbc46e5edf7753b3018dbdc8f,a68729ade1963186aab4a772257c6fea1fd651ab7743616accaaf991782adf07,semantic_none,semantic_none,,semantic_none,primary_agreed_locked_not_independently_adjudicated,missing_evidence,0,False,no_label_change
ok4e2_fece7d8a20bfdd7c,policy_development,policy_all_error,qasper:train:1702.01517,qasper:train:1702.01517:33d1f53cf25a7701db605b6b7ac36946af588bb7,f1b0a8116337605748c7456899fb5d041ea1c5e70524135195e720a91003e664,answerable,answerable,,answerable,primary_agreed_locked_not_independently_adjudicated,explicit_answer,1,False,no_label_change
ok4e2_988f85ff6f4333cc,policy_development,policy_all_error,qasper:validation:1908.10084,qasper:validation:1908.10084:596aede2b311deb8cb0a82d2e7de314ef6e83e4e,6e52dbabef35e68927bde72b6f0ef015ca2e2b90602f34f1f743f097e6d7f5a1,semantic_none,answerable,semantic_none,semantic_none,independent_adjudication,insufficient_state_evidence,0,False,no_label_change
ok4e2_1c782f4855fb925a,policy_development,policy_all_error,qasper:validation:1608.01884,qasper:validation:1608.01884:9a7ba5ed1779c664d2cac92494a43517d3e87c96,f28fd617e49ef4e706c749ceb82e16f4f7e26a08745012b6fb12c44b6eec42ef,answerable,answerable,,answerable,primary_agreed_locked_not_independently_adjudicated,explicit_answer,1,False,no_label_change
ok4e2_3cbf0e85f7e25a06,policy_development,policy_all_error,qasper:train:1703.02507,qasper:train:1703.02507:09a993756d2781a89f7ec5d7992f812d60e24232,3b327a1930328aa4aea2b33b276b0fd03aa1b096b50bf4fde7a166a865eb6a6d,answerable,answerable,,answerable,primary_agreed_locked_not_independently_adjudicated,implicit_answer,2,False,no_label_change
ok4e2_ecf293b8c136969d,policy_development,policy_all_error,qasper:validation:1909.08089,qasper:validation:1909.08089:b66c9a4021b6c8529cac1a2b54dacd8ec79afa5f,3b05298ad6b96b79cb9d574d2f3de3cdafa9f144d0c61aeb14a75ce4e2ab9dc1,answerable,answerable,,answerable,primary_agreed_locked_not_independently_adjudicated,explicit_answer,1,False,no_label_change
ok4e2_8ad790e4ebdfad04,calibration_gate,gate_state_diverse_error_sample,qasper:test:1611.01116,qasper:test:1611.01116:a8f189fad8b72f8b2b4d2da4ed8475d31642d9e7,a32caac46c5642ed39ab2013bc55fe8b9b88f9da75ee9804e0ebb555bc256c66,answerable,answerable,,answerable,primary_agreed_locked_not_independently_adjudicated,explicit_answer,2,False,gate_diagnostic_only
ok4e2_e0bce4d10d224a08,policy_development,policy_all_error,qasper:validation:1805.03710,qasper:validation:1805.03710:9c44df7503720709eac933a15569e5761b378046,e2a9d9665c5c509ee663e3b803571597d236f8b51faff73dee5c931f33bf3d3f,semantic_none,answerable,answerable,semantic_none,independent_adjudication_plus_followup,insufficient_state_evidence,1,False,quarantine_low_confidence_followup
ok4e2_f27495626b9cac02,policy_development,policy_all_error,qasper:validation:1910.05603,qasper:validation:1910.05603:53f74250948015c394e7b8438a2041fdeb330911,96e614552726962e41a3e45e11ed37d48e8ff3d069a1d442104a69f987a15c5e,semantic_none,answerable,answerable,answerable,independent_adjudication,annotation_label_error,1,True,candidate_label_and_evidence_repair
ok4e2_43e5f0785fc45165,policy_development,policy_all_error,qasper:train:1910.13890,qasper:train:1910.13890:def3d623578bf84139d920886aa3bd6cdaaa7c41,9bc4974410418cac9e84cb44c030f7a0e65a9d4d345e64da32086f4fb919855c,answerable,answerable,,answerable,primary_agreed_locked_not_independently_adjudicated,explicit_answer,1,False,no_label_change
ok4e2_6a49d4edc1ef2577,policy_development,policy_all_error,qasper:validation:1912.13337,qasper:validation:1912.13337:75ff6e425ce304a35f18c0230c0d13d3913a31a9,a5701e417161bfe3d0ec4dc316e2623101cea7ca93c12f85adf4900c1cbfb42e,semantic_none,answerable,answerable,answerable,independent_adjudication,annotation_label_error,1,True,candidate_label_and_evidence_repair
ok4e2_2cae464b3b910ff1,calibration_gate,gate_state_diverse_error_sample,qasper:test:1910.03943,qasper:test:1910.03943:c61c0b25f9de4a7ca2013d2e4aba8a5047e14ce4,e0213e356bd02bde2eb63e61a378b8a86bb555c45bc51469a8c08874e2596d63,semantic_none,answerable,answerable,answerable,independent_adjudication,annotation_label_error,1,True,gate_diagnostic_only
ok4e2_1931f305dfa9295f,policy_development,policy_all_error,qasper:train:1909.11879,qasper:train:1909.11879:80b9600e51a823f32bbce12fc52cba9700e2b8d2,62020acea09bda506896726cbc87a0ef4d6a4cee643f072affc798fda36e6b9b,answerable,answerable,,answerable,primary_agreed_locked_not_independently_adjudicated,explicit_answer,1,False,no_label_change
ok4e2_bbdba3b99744ec5b,calibration_gate,gate_state_diverse_error_sample,qasper:test:1909.12208,qasper:test:1909.12208:6920fd470e6a99c859971828e20276a1b9912280,90b44f416c43be485dd72440df0271da8e5abe296147929e6883943130df4b17,semantic_none,answerable,answerable,answerable,independent_adjudication,annotation_label_error,2,True,gate_diagnostic_only
ok4e2_d028985da8e1da5c,policy_development,policy_blinded_control,qasper:train:1907.00455,qasper:train:1907.00455:fbe22e133fa919f06abd8afbed3395af51d2bfef,422e0f59f39edf89b8384e0168a31c5e11349da422ef66f2c0239084f2d4ade2,semantic_none,answerable,answerable,answerable,independent_adjudication,gold_evidence_incomplete,0,True,candidate_label_and_evidence_repair
ok4e2_e9a5ee10a04c7ee8,calibration_gate,gate_state_diverse_error_sample,qasper:test:1602.03483,qasper:test:1602.03483:31236a876277c6e1c80891a3293c105a1b1be008,517415dd8c2c586f1cfb5f13c622f71fb0fca39666589b5e881e534d15e3145c,semantic_none,answerable,answerable,answerable,independent_adjudication,annotation_label_error,1,True,gate_diagnostic_only
ok4e2_85f0c238a4214997,policy_development,policy_all_error,qasper:validation:1611.08661,qasper:validation:1611.08661:2e37e681942e28b5b05639baaff4cd5129adb5fb,b839befdd260ee6bb1996fbfbbae8143f3dee12f481139b526b26103f5640dba,semantic_none,semantic_none,,semantic_none,primary_agreed_locked_not_independently_adjudicated,missing_evidence,0,False,no_label_change
ok4e2_083b976c9596994b,policy_development,policy_all_error,qasper:train:1804.00520,qasper:train:1804.00520:20f7b359f09c37e6aaaa15c2cdbb52b031ab4809,097726ef05d5e3603a08f177b0b7a4d90c021478946689f7f46934a541999cfb,semantic_none,answerable,answerable,ambiguous,independent_adjudication_plus_followup,question_underspecified,0,True,quarantine_ambiguous
ok4e2_9b93f9b6f0523386,policy_development,policy_blinded_control,qasper:validation:1604.05372,qasper:validation:1604.05372:aefa333b2cf0a4000cd40566149816f5b36135e7,4a772f1520c838f95ac72300768a3fbb0beb541adb68d19c2601f04a4e1c017d,answerable,answerable,,answerable,primary_agreed_locked_not_independently_adjudicated,explicit_answer,1,False,no_label_change
ok4e2_ca1dbafd0c20edf5,calibration_gate,gate_state_diverse_error_sample,qasper:test:1909.11706,qasper:test:1909.11706:7969b8d80e12aa3ebb89b5622bc564f44e98329f,7d80f7b016e645efd18af8831cbda24005532cb6fd7db4c0bf9d698b1032a3ab,answerable,answerable,,answerable,primary_agreed_locked_not_independently_adjudicated,explicit_answer,2,False,gate_diagnostic_only
ok4e2_8f41215283efb84b,policy_development,policy_all_error,qasper:validation:2003.02249,qasper:validation:2003.02249:8b9c12df9f89040f1485b3847a29f11b5c9262e0,099f5c8d41a7f46cc730d2467ccd37cca2fad0eaab1255b59ac7b683bff3ebf0,semantic_none,answerable,answerable,answerable,independent_adjudication,annotation_label_error,1,True,candidate_label_and_evidence_repair
ok4e2_f11511fd4956cb80,policy_development,policy_blinded_control,qasper:validation:1603.01514,qasper:validation:1603.01514:0fc2b5bc2ead08a6fe0280fb3a47477c6df1587c,9c9d966e030feff14097ea04d5608302f1cb0ec476b958f12615d337e4b3d3ef,semantic_none,answerable,answerable,answerable,independent_adjudication,annotation_label_error,1,True,candidate_label_and_evidence_repair
ok4e2_d78ba52f5ee567a3,calibration_gate,gate_state_diverse_error_sample,qasper:test:1904.09131,qasper:test:1904.09131:2849c2944c47cf1de62b539c5d3c396a3e8d283a,d5b2c2cb42f4238f142b4c0d408d24266612328b3beb82053f96acdebe55f693,answerable,semantic_none,semantic_none,semantic_none,independent_adjudication,missing_table_values,2,True,gate_diagnostic_only
ok4e2_2e059c32a14d29c3,policy_development,policy_blinded_control,qasper:train:1804.00079,qasper:train:1804.00079:63a77d2640df8315bf0bc3925fdd7e27132b1244,2eed93ef7dfd28fca87e8173925e759afd21d81ca4ec7960c76f727346104920,semantic_none,answerable,answerable,answerable,independent_adjudication,gold_evidence_incomplete,0,True,candidate_label_and_evidence_repair
ok4e2_55f8d8f431441413,policy_development,policy_all_error,qasper:validation:1908.10084,qasper:validation:1908.10084:2e89ebd2e4008c67bb2413699589ee55f59c4f36,6e52dbabef35e68927bde72b6f0ef015ca2e2b90602f34f1f743f097e6d7f5a1,semantic_none,answerable,answerable,answerable,independent_adjudication,annotation_label_error,8,True,candidate_label_and_evidence_repair
ok4e2_0e779a3616db4072,policy_development,policy_all_error,qasper:validation:2003.03014,qasper:validation:2003.03014:d41e20ec716b5904a272938e5a8f5f3f15a7779e,63426d63e1d2f2af1ac887d0cedf1127ffc816044296f94416fc1fe4614abc0d,answerable,answerable,,answerable,primary_agreed_locked_not_independently_adjudicated,explicit_answer,1,False,no_label_change
ok4e2_aa6ffd12d452b41d,calibration_gate,gate_state_diverse_error_sample,qasper:test:1908.05803,qasper:test:1908.05803:8795bb1f874e5f3337710d8c3d5be49e672ab43a,c7305802828ba9d2ded6d5d657447588c70ad57f3e3497ca283b4e1773591d06,answerable,answerable,,answerable,primary_agreed_locked_not_independently_adjudicated,explicit_answer,1,False,gate_diagnostic_only
ok4e2_c68cdb0e84ebebf7,calibration_gate,gate_state_diverse_error_sample,qasper:test:1811.04791,qasper:test:1811.04791:5370a0062aae7fa4e700ae47aa143be5c5fc6b22,424dcbaa57631043fc58bd29e5ccd7eb4548c3aa9d03023b6dde62bda62bf655,answerable,answerable,,answerable,primary_agreed_locked_not_independently_adjudicated,explicit_answer,3,False,gate_diagnostic_only
ok4e2_75a7bd0b3bb3fca9,policy_development,policy_all_error,qasper:validation:1912.08904,qasper:validation:1912.08904:58ef2442450c392bfc55c4dc35f216542f5f2dbb,76dded1bf200d2a60889da188bd324c4bfa75f5e60dce1656721611ac5ec5fde,answerable,answerable,,answerable,primary_agreed_locked_not_independently_adjudicated,explicit_answer,0,False,no_label_change
ok4e2_117d60278b3999ce,calibration_gate,gate_state_diverse_error_sample,qasper:test:1912.06203,qasper:test:1912.06203:35c01dc0b50b73ee5ca7491d7d373f6e853933d2,3529b76ac91ebf356a4149b89d352a5ae14aeb82f5daff04439dcf69366d6d3e,semantic_none,answerable,answerable,answerable,independent_adjudication,annotation_label_error,2,True,gate_diagnostic_only
ok4e2_9ebb7c680da49486,calibration_gate,gate_state_diverse_error_sample,qasper:test:1911.01214,qasper:test:1911.01214:cd82bdaa0c94330f8cccfb1c59b4e6761a5a4f4d,eca0c82330a1dc8bef3fcb1d598d38b881aebf72a500e453aad8719c9a3e5a02,answerable,answerable,,answerable,primary_agreed_locked_not_independently_adjudicated,explicit_answer,1,False,gate_diagnostic_only
ok4e2_10249dc759dc78dc,policy_development,policy_all_error,qasper:train:1901.02262,qasper:train:1901.02262:6c80bc3ed6df228c8ca6e02c0a8a1c2889498688,f2f9e5bd7c7872183ebc4dbe15d92f1124cd4e82e9a35d424e4d4c19cdeb9956,answerable,answerable,,answerable,primary_agreed_locked_not_independently_adjudicated,explicit_answer,1,False,no_label_change
ok4e2_02a83790d9770e0a,policy_development,policy_all_error,qasper:validation:1701.05574,qasper:validation:1701.05574:22732cb9476e521452bf0538f3fdb94cf3867651,a4ff9f499288cb147143807b769877e62b1f3b68a60dc8cab64115f613b7a50d,semantic_none,answerable,answerable,answerable,independent_adjudication,gold_evidence_incomplete,0,True,candidate_label_and_evidence_repair
ok4e2_119e1a1dbcbe200e,policy_development,policy_all_error,qasper:train:1912.07976,qasper:train:1912.07976:3be8859103016ce2afe4c0a8552b9d980f7958bf,ee86ab3e3c154cf5294d758b0cf32fe541798cda2ee610f20a9f7fbeb429f55d,semantic_none,answerable,semantic_none,semantic_none,independent_adjudication,insufficient_state_evidence,0,False,no_label_change
ok4e2_ca35fd711ed0c3e8,policy_development,policy_all_error,qasper:validation:1601.02403,qasper:validation:1601.02403:2cd37743bcc7ea3bd405ce6d91e79e5339d7642e,a4fccd20bd82e0f3b405e6a1ab3d68ee284a8082cc2185d78bddd7e1f52422a7,answerable,answerable,,answerable,primary_agreed_locked_not_independently_adjudicated,implicit_answer,1,False,no_label_change
ok4e2_3b3be0a4740c3e70,calibration_gate,gate_state_diverse_error_sample,qasper:test:1610.00479,qasper:test:1610.00479:8c872236e4475d5d0969fb90d2df94589c7ab1c4,3e19d06e26ca59c41feae352af9a673ac8beab310db2531589a5d351ab67c1c9,answerable,answerable,,answerable,primary_agreed_locked_not_independently_adjudicated,explicit_answer,1,False,gate_diagnostic_only
ok4e2_2a71afab42e18055,calibration_gate,gate_state_diverse_error_sample,qasper:test:1805.04833,qasper:test:1805.04833:b783ec5cb9ad595da7db2c0ddf871152ae382c5f,2503f68dfc8e53960f8e0ea3ed02b27dadfd911df60662a2c4377a5272820567,answerable,answerable,,answerable,primary_agreed_locked_not_independently_adjudicated,explicit_answer,2,False,gate_diagnostic_only
ok4e2_514bad4be40959a7,policy_development,policy_all_error,qasper:train:1706.04815,qasper:train:1706.04815:dd8f72cb3c0961b5ca1413697a00529ba60571fe,4b981bea44f1912e3aa6c8ee3ed2cbd585df7a965a5b8451ad262fba8402ed3c,answerable,answerable,,answerable,primary_agreed_locked_not_independently_adjudicated,explicit_answer,1,False,no_label_change
ok4e2_72210b8aa0415b82,calibration_gate,gate_state_diverse_error_sample,qasper:test:1908.08917,qasper:test:1908.08917:89414ef7fcb2709c47827f30a556f543b9a9e6e0,731c4b7564862d986344ac4771acc1b153ab05fe330fc5fa5d0d67ef23c282ed,answerable,answerable,,answerable,primary_agreed_locked_not_independently_adjudicated,explicit_answer,6,False,gate_diagnostic_only
ok4e2_645c3a0a8902a1ba,policy_development,policy_all_error,qasper:validation:2003.11562,qasper:validation:2003.11562:19cf7884c0c509c189b1e74fe92c149ff59e444b,a7cf853817b1442fc6ac6412dc2b12400c55cf695783407980df0be7e7e1da5f,answerable,answerable,,answerable,primary_agreed_locked_not_independently_adjudicated,explicit_answer,4,False,no_label_change
ok4e2_c099dbc092638a0c,calibration_gate,gate_state_diverse_error_sample,qasper:test:1809.03695,qasper:test:1809.03695:1fa9b6300401530738995f14a37e074c48bc9fd8,7548d186049e7d28610227b6f06b620fcc611cfc7182b882c9e02ff4f3deb793,semantic_none,answerable,semantic_none,semantic_none,independent_adjudication,insufficient_state_evidence,0,False,gate_diagnostic_only
ok4e2_8e32b0cf6c784e71,policy_development,policy_all_error,qasper:validation:2003.03014,qasper:validation:2003.03014:cb384dc5366b693f28680374d31ff45356af0461,63426d63e1d2f2af1ac887d0cedf1127ffc816044296f94416fc1fe4614abc0d,answerable,answerable,,answerable,primary_agreed_locked_not_independently_adjudicated,explicit_answer,1,False,no_label_change
ok4e2_38378abcfc2c1503,calibration_gate,gate_state_diverse_error_sample,qasper:test:1908.11049,qasper:test:1908.11049:ed44f7e698d6124cb86791841d02fc6f8b4d862a,4de9fd867b275a4c25db016679f3778f229b4b8445f45f5ec52d8df43f259879,answerable,answerable,,answerable,primary_agreed_locked_not_independently_adjudicated,explicit_answer,2,False,gate_diagnostic_only
ok4e2_a0f115d5012b60ee,policy_development,policy_all_error,qasper:validation:1912.13337,qasper:validation:1912.13337:8de9f14c7c4f37ab103bc8a639d6d80ade1bc27b,a5701e417161bfe3d0ec4dc316e2623101cea7ca93c12f85adf4900c1cbfb42e,answerable,answerable,,answerable,primary_agreed_locked_not_independently_adjudicated,explicit_answer,1,False,no_label_change
ok4e2_18ac0fb3ba5dbc2c,policy_development,policy_all_error,qasper:train:1909.04493,qasper:train:1909.04493:a33ab5ce8497ff63ca575a80b03e0ed9c6acd273,108db3f541fed03fcf1cbe48174902fe84fb19a0fc6cbb5374bdac1472090a04,semantic_none,semantic_none,,semantic_none,primary_agreed_locked_not_independently_adjudicated,missing_evidence,0,False,no_label_change
ok4e2_191d7ecd1045894b,calibration_gate,gate_state_diverse_error_sample,qasper:test:1708.05482,qasper:test:1708.05482:f13a5b6a67a9b10fde68e8b33792879b8146102c,1c503a5c7777a0ce651432b707c5032ac9a9f02a755d2ca7ec58e693bab19358,semantic_none,answerable,answerable,answerable,independent_adjudication,annotation_label_error,1,True,gate_diagnostic_only
ok4e2_b65431f3baaa7043,policy_development,policy_all_error,qasper:train:1710.01492,qasper:train:1710.01492:0d1408744651c3847469c4a005e4a9dccbd89cf1,7522c8537e7803634768145e72561965e6bd324c0615c27763eb241753528dea,semantic_none,semantic_none,,semantic_none,primary_agreed_locked_not_independently_adjudicated,missing_evidence,0,False,no_label_change
ok4e2_f810e03cf231c09f,policy_development,policy_all_error,qasper:validation:1701.05574,qasper:validation:1701.05574:4e748cb2b5e74d905d9b24b53be6cfdf326e8054,a4ff9f499288cb147143807b769877e62b1f3b68a60dc8cab64115f613b7a50d,semantic_none,answerable,answerable,answerable,independent_adjudication,gold_evidence_incomplete,0,True,candidate_label_and_evidence_repair
ok4e2_466bb8d8b916a312,calibration_gate,gate_state_diverse_error_sample,qasper:test:1603.07252,qasper:test:1603.07252:f2bcfdbebb418e7da165c19b8c7167719432ee48,32007252d88f2ca024781b5c8adca96c28eb404767c1a3f8182143d9727f3aa1,answerable,answerable,,answerable,primary_agreed_locked_not_independently_adjudicated,explicit_answer,2,False,gate_diagnostic_only
ok4e2_290ca72184027667,policy_development,policy_all_error,qasper:validation:1809.01202,qasper:validation:1809.01202:a4d115220438c0ded06a91ad62337061389a6747,74e3cc095b45ff827e9421124dea0d6a76171ca5b5dda79b509f664dfbdda2bd,answerable,answerable,,answerable,primary_agreed_locked_not_independently_adjudicated,explicit_answer,1,False,no_label_change
ok4e2_34e501e6024d2440,calibration_gate,gate_state_diverse_error_sample,qasper:test:1805.09821,qasper:test:1805.09821:fe7f7bcf37ca964b4dc9e9c7ebf35286e1ee042b,5ba5f2be31cdf4ae2b7884e5dd02f5483e2c8fc0a540f073e6167deefd3eede7,semantic_none,answerable,answerable,ambiguous,independent_adjudication_plus_followup,question_underspecified,3,True,gate_diagnostic_only
ok4e2_2c5f8703d4897c9e,policy_development,policy_all_error,qasper:validation:1603.09631,qasper:validation:1603.09631:bc16ce6e9c61ae13d46970ebe6c4728a47f8f425,e4c16a21f9f29c4b0d54f66fc632d52a51b3dd4542c96be3eb0a6b83d9997d82,answerable,answerable,,answerable,primary_agreed_locked_not_independently_adjudicated,implicit_answer,1,False,no_label_change
ok4e2_dc5e1f227f00982a,policy_development,policy_all_error,qasper:validation:2002.01207,qasper:validation:2002.01207:db72a78a7102b5f0e75a4d9e1a06a3c2e7aabb21,93d5eb4e5d833ed94120e2693306865b120794e746cdcba3b5fab6fea70eb14e,answerable,answerable,,answerable,primary_agreed_locked_not_independently_adjudicated,explicit_answer,2,False,no_label_change
ok4e2_80b5cfbccda59fc3,calibration_gate,gate_state_diverse_error_sample,qasper:test:1603.01547,qasper:test:1603.01547:20e2b517fddb0350f5099c39b16c2ca66186d09b,591b6115195569b1e038576ef4012a9e8daf1e6486ac79dca02531ae3f370ee7,semantic_none,answerable,answerable,answerable,independent_adjudication,annotation_label_error,9,True,gate_diagnostic_only
ok4e2_896fffa46dc7cb73,calibration_gate,gate_state_diverse_error_sample,qasper:test:1903.01411,qasper:test:1903.01411:53362c2870cf76b7981c27b3520a71eb1e3e7965,39e1c21c250d6367d99f699fc544ca995f64ed9ab2b5005886326a9af5567378,semantic_none,semantic_none,,semantic_none,primary_agreed_locked_not_independently_adjudicated,missing_evidence,2,False,gate_diagnostic_only
ok4e2_f61a161db6c45191,calibration_gate,gate_state_diverse_error_sample,qasper:test:1805.06648,qasper:test:1805.06648:8ba582939823faae6822a27448ea011ab6b90ed7,582fd22c053ad5321c128e81982524622930cacdc6890c09f6f8f09f95f5c720,semantic_none,answerable,answerable,answerable,independent_adjudication,annotation_label_error,1,True,gate_diagnostic_only
ok4e2_fc21ba651eb25a89,policy_development,policy_blinded_control,qasper:train:1912.07976,qasper:train:1912.07976:10ddac87daf153cf674589cc1c64a795907d5d9a,ee86ab3e3c154cf5294d758b0cf32fe541798cda2ee610f20a9f7fbeb429f55d,answerable,semantic_none,semantic_none,semantic_none,independent_adjudication,missing_table_values,1,True,representation_source_required
ok4e2_bc46dee22bdc8bb9,calibration_gate,gate_state_diverse_error_sample,qasper:test:1809.08935,qasper:test:1809.08935:c728fe6137f114c02e921f9be4a02a5bd83ae787,1865457018b3bcd46bd055b436e4e718478aa49dfeceea3f8f5e12de9ea08c8e,answerable,answerable,,answerable,primary_agreed_locked_not_independently_adjudicated,explicit_answer,2,False,gate_diagnostic_only
ok4e2_0763a2ef42411b1c,calibration_gate,gate_state_diverse_error_sample,qasper:test:1806.04387,qasper:test:1806.04387:fae930129c2638ba6f9c9b3383e85aa130a73876,1e76a7e96f40a97cf35c4855334b82a643ec8d8ece9a0429121f289100e0d27c,semantic_none,answerable,answerable,answerable,independent_adjudication,annotation_label_error,1,True,gate_diagnostic_only
ok4e2_d5802151173cc434,policy_development,policy_blinded_control,qasper:validation:1611.08661,qasper:validation:1611.08661:932b39fd6c47c6a880621a62e6a978491d881d60,b839befdd260ee6bb1996fbfbbae8143f3dee12f481139b526b26103f5640dba,answerable,answerable,,answerable,primary_agreed_locked_not_independently_adjudicated,explicit_answer,1,False,no_label_change
ok4e2_5d5494bffcd4b083,policy_development,policy_all_error,qasper:validation:1703.04001,qasper:validation:1703.04001:6c96e910bd98c9fd58ba2050f99b9c9bac69840a,ac2694cb6d3e7cc78b60ecf6ca35519886e3ebcd8a185a3dac9fee0dc08f9759,semantic_none,semantic_none,,semantic_none,primary_agreed_locked_not_independently_adjudicated,missing_evidence,0,False,no_label_change
ok4e2_f7e68428f6f215fb,calibration_gate,gate_state_diverse_error_sample,qasper:test:1909.04242,qasper:test:1909.04242:ecaa10a2d9927fa6ab6a954488f12aa6b42ddc1a,8caa7570a7572da7ed9cd8fc98e4e910fe3855e0c48390f4f821be02f7170f58,answerable,answerable,,answerable,primary_agreed_locked_not_independently_adjudicated,explicit_answer,5,False,gate_diagnostic_only
ok4e2_1e5a3e24bc9ef9f7,policy_development,policy_all_error,qasper:validation:1706.06894,qasper:validation:1706.06894:9ca447c8959a693a3f7bdd0a2c516f4b86f95718,0a61bd586e46ac814abd4ca174d1393fbaccb57a3e0f0442828b012896f4f972,semantic_none,answerable,answerable,answerable,independent_adjudication,annotation_label_error,3,True,candidate_label_and_evidence_repair
ok4e2_70a971833303bd6a,policy_development,policy_blinded_control,qasper:validation:1909.07575,qasper:validation:1909.07575:022c365a14fdec406c7a945a1a18e7e79df37f08,0f4ba80ac29174cf642a3edf9e6bc8fa478566b7291f4b5061cb412b8d49eac5,answerable,answerable,,answerable,primary_agreed_locked_not_independently_adjudicated,explicit_answer,1,False,no_label_change
ok4e2_00d9597c92583ef8,policy_development,policy_all_error,qasper:validation:1705.01214,qasper:validation:1705.01214:dd76130ec5fac477123fe8880472d03fbafddef6,f2f0d6266012e14fa7cbea9f95ff337fff0c0761aac599ed627748730201241b,answerable,answerable,,answerable,primary_agreed_locked_not_independently_adjudicated,explicit_answer,5,False,no_label_change
ok4e2_066154836094ee41,calibration_gate,gate_state_diverse_error_sample,qasper:test:2003.08769,qasper:test:2003.08769:f94cea545f745994800c1fb4654d64d1384f2c26,7f8318cf17f352509db16bc0a839bc352346c4162da98e118d5bbf3b4ecbe09e,answerable,answerable,,answerable,primary_agreed_locked_not_independently_adjudicated,explicit_answer,9,False,gate_diagnostic_only
ok4e2_4cf91ea841095ff3,policy_development,policy_blinded_control,qasper:train:1612.07843,qasper:train:1612.07843:6bcff3ef61aad6bf1280ea26ed79585e1b838e64,44ebce51dba48cb000a1162e0d78b0204bec814409d17219d6f43a302f1b6002,answerable,answerable,,answerable,primary_agreed_locked_not_independently_adjudicated,explicit_answer,1,False,no_label_change
ok4e2_63fa0f4da9616df9,policy_development,policy_all_error,qasper:train:1912.07976,qasper:train:1912.07976:f53be1266be1fea5598a671080226c9c983b69e3,ee86ab3e3c154cf5294d758b0cf32fe541798cda2ee610f20a9f7fbeb429f55d,semantic_none,answerable,answerable,answerable,independent_adjudication,gold_evidence_incomplete,0,True,candidate_label_and_evidence_repair
ok4e2_5ebfa3821daae755,policy_development,policy_blinded_control,qasper:validation:1706.01678,qasper:validation:1706.01678:0767ca8ff1424f7a811222ca108a33b6411aaa8a,c59a5cd80cffbccac1598dc9476d1e9d86f7646941297ecc2b7c1b37611b8830,semantic_none,answerable,answerable,answerable,independent_adjudication,gold_evidence_incomplete,0,True,candidate_label_and_evidence_repair
ok4e2_f99a12653da7d353,calibration_gate,gate_state_diverse_error_sample,qasper:test:1909.13184,qasper:test:1909.13184:7e906dc00e92088a25df3719104d1750e5a27485,70170bed9f546410674c1514ad7f1ab70162355ecc80fd899b52a2e14cfb69c9,answerable,answerable,,answerable,primary_agreed_locked_not_independently_adjudicated,explicit_answer,1,False,gate_diagnostic_only
ok4e2_22ceb82af742ebcb,calibration_gate,gate_state_diverse_error_sample,qasper:test:1907.08540,qasper:test:1907.08540:1cc394bdfdfd187fc0af28500ad47a0a764d5645,540e7e8596b69886d44921b52c1939844c162570b325e23c46fb8e918ae04601,semantic_none,answerable,ambiguous,ambiguous,independent_adjudication,question_underspecified,1,True,gate_diagnostic_only
ok4e2_1810ae7dfbd75964,calibration_gate,gate_state_diverse_error_sample,qasper:test:1604.05559,qasper:test:1604.05559:06d5de706348dbe8c29bfacb68ce65a2c55d0391,95ebe16f978f8ec36b01d790996c43971ccdc7e84388d36912836d8f15843ac0,semantic_none,answerable,semantic_none,semantic_none,independent_adjudication,insufficient_state_evidence,5,False,gate_diagnostic_only
ok4e2_2f491be8bcd072d5,policy_development,policy_all_error,qasper:train:1612.05270,qasper:train:1612.05270:1e68a1232ab09b6bff506e442acc8ad742972102,36fd778979eab3be69e2273edc32e80ce3040fc9dcf5216a9588b0c060d673c1,answerable,answerable,,answerable,primary_agreed_locked_not_independently_adjudicated,explicit_answer,1,False,no_label_change
ok4e2_a4bc24bf4839f3b5,policy_development,policy_all_error,qasper:train:1607.06025,qasper:train:1607.06025:62c4c8b46982c3fcf5d7c78cd24113635e2d7010,9b50a0e15c83ca14b51eb64a32a11d1fcc0bc003ae464416558c0b6494e7b07f,semantic_none,semantic_none,,semantic_none,primary_agreed_locked_not_independently_adjudicated,missing_evidence,0,False,no_label_change
ok4e2_8cccc9357a4de8ca,calibration_gate,gate_state_diverse_error_sample,qasper:test:1911.09753,qasper:test:1911.09753:830f9f9499b06fb4ac3ce2f2cf035127b4f0ec63,276a29ee1d195e9c2434b0bb654ecb0a1dca04ec0424ad012ec85dd119ebba59,semantic_none,semantic_none,,semantic_none,primary_agreed_locked_not_independently_adjudicated,missing_evidence,1,False,gate_diagnostic_only
ok4e2_ee71bd889414349c,policy_development,policy_all_error,qasper:train:1901.02262,qasper:train:1901.02262:6ead576ee5813164684a8cdda36e6a8c180455d9,f2f9e5bd7c7872183ebc4dbe15d92f1124cd4e82e9a35d424e4d4c19cdeb9956,answerable,answerable,,answerable,primary_agreed_locked_not_independently_adjudicated,explicit_answer,1,False,no_label_change
ok4e2_399e7449ffcccce6,policy_development,policy_all_error,qasper:train:1901.02262,qasper:train:1901.02262:e63bde5c7b154fbe990c3185e2626d13a1bad171,f2f9e5bd7c7872183ebc4dbe15d92f1124cd4e82e9a35d424e4d4c19cdeb9956,answerable,semantic_none,semantic_none,semantic_none,independent_adjudication,missing_table_values,1,True,representation_source_required
ok4e2_0a598ccd447a4a6b,calibration_gate,gate_state_diverse_error_sample,qasper:test:1708.03699,qasper:test:1708.03699:82b93ecd2397e417e1e80f93b7cf49c7bd9aeec3,7325fc7188740943389d50defea8170d8d63dbf4e69803823dbe3eac45ecb7d2,answerable,semantic_none,semantic_none,semantic_none,independent_adjudication,missing_table_values,2,True,gate_diagnostic_only
ok4e2_19722c554ae524e7,policy_development,policy_blinded_control,qasper:validation:1909.08970,qasper:validation:1909.08970:11e8bd4abf5f8bdabad3e8f0691e6d0ad6c326af,f5ade07b9f470634c734ec61eb0c1d3f3febec654772edd2082df176f78e7c22,answerable,answerable,,answerable,primary_agreed_locked_not_independently_adjudicated,explicit_answer,1,False,no_label_change
ok4e2_ef354bb4da3d9f33,calibration_gate,gate_state_diverse_error_sample,qasper:test:1606.02601,qasper:test:1606.02601:2b75df325c98b761faf2fecf6e71ac7366eb15ea,10fad1fd39bdca3ed77a6ae7d8f33fac6ec54fda9ea8705cf4349616a79128e4,answerable,answerable,,answerable,primary_agreed_locked_not_independently_adjudicated,explicit_answer,2,False,gate_diagnostic_only
ok4e2_6e19c415505da11a,policy_development,policy_all_error,qasper:validation:1912.08904,qasper:validation:1912.08904:05c49b9f84772e6df41f530d86c1f7a1da6aa489,76dded1bf200d2a60889da188bd324c4bfa75f5e60dce1656721611ac5ec5fde,answerable,answerable,,answerable,primary_agreed_locked_not_independently_adjudicated,explicit_answer,6,False,no_label_change
ok4e2_856b17b78511ce0d,policy_development,policy_all_error,qasper:validation:1612.08205,qasper:validation:1612.08205:692c9c5d9ff9cd3e0ce8b5e4fa68dda9bd23dec1,1e9f2ed6a720459ff387aa83c9c953a8557c8b36d60a72a46b16084af70ab0c8,answerable,answerable,,answerable,primary_agreed_locked_not_independently_adjudicated,explicit_answer,2,False,no_label_change
ok4e2_566bc9a3e539396c,calibration_gate,gate_state_diverse_error_sample,qasper:test:1908.05731,qasper:test:1908.05731:11dd2913d1517a1d47b367acb29fe9d79a9c95d1,d15b53988c387509084b9381053ec7414bfc3999ded7de9eac1769fc8d871e16,semantic_none,semantic_none,,semantic_none,primary_agreed_locked_not_independently_adjudicated,missing_evidence,0,False,gate_diagnostic_only
ok4e2_be57f840ebfa16ba,calibration_gate,gate_state_diverse_error_sample,qasper:test:1905.08392,qasper:test:1905.08392:173060673cb15910cc310058bbb9750614abda52,cb6b0c89fd051149ac17e739f15698ce90f5fcdcb37748c7dbc626a2b7ca8744,semantic_none,answerable,answerable,answerable,independent_adjudication,gold_evidence_incomplete,0,True,gate_diagnostic_only
ok4e2_496f10a30d0f5d53,policy_development,policy_all_error,qasper:train:2004.03744,qasper:train:2004.03744:a08b5018943d4428f067c08077bfff1af3de9703,5f9d33f7379e948b98c81959d6ce39ac2934e028b6a4288ea54d99be40ab2d24,answerable,answerable,,answerable,primary_agreed_locked_not_independently_adjudicated,explicit_answer,1,False,no_label_change
ok4e2_1418b25901647bd1,calibration_gate,gate_state_diverse_error_sample,qasper:test:1906.01010,qasper:test:1906.01010:a926d71e6e58066d279d9f7dc3210cd43f410164,6b3e3d89a44e9a735be13dadab8df4788fadae5d94b473d554168ef23d232927,semantic_none,semantic_none,,semantic_none,primary_agreed_locked_not_independently_adjudicated,missing_evidence,0,False,gate_diagnostic_only
ok4e2_a68941f0e2145806,calibration_gate,gate_state_diverse_error_sample,qasper:test:1910.12477,qasper:test:1910.12477:e86b9633dc691976dd00ed57d1675e1460f7167b,822444511dfa0b4dd26400e7817a922150d2e2d9d51c682e41646305ca69f356,semantic_none,answerable,answerable,ambiguous,independent_adjudication_plus_followup,question_underspecified,0,True,gate_diagnostic_only
ok4e2_26ec64d8b6f6b09c,calibration_gate,gate_state_diverse_error_sample,qasper:test:1909.04242,qasper:test:1909.04242:2a55076a66795793d79a3edfae1041098404fbc3,8caa7570a7572da7ed9cd8fc98e4e910fe3855e0c48390f4f821be02f7170f58,semantic_none,semantic_none,,semantic_none,primary_agreed_locked_not_independently_adjudicated,missing_evidence,0,False,gate_diagnostic_only
ok4e2_bd59ddf44c84c59a,calibration_gate,gate_state_diverse_error_sample,qasper:test:1804.07445,qasper:test:1804.07445:0bde3ecfdd7c4a9af23f53da2cda6cd7a8398220,7bae1b70260c3eb5a0557e07ce5929b20560ba70a236d839093c57a7f18c0d93,answerable,answerable,,answerable,primary_agreed_locked_not_independently_adjudicated,explicit_answer,2,False,gate_diagnostic_only
ok4e2_e693e516bfe193f4,calibration_gate,gate_state_diverse_error_sample,qasper:test:1911.12559,qasper:test:1911.12559:bc7081aaa207de2362e0bea7bc8108d338aee36f,3d415e69319e1619463c0e8b7ac60dd74b73a8e2b3ecf67b6f1b60bf7dc2ef3b,answerable,answerable,,answerable,primary_agreed_locked_not_independently_adjudicated,implicit_answer,4,False,gate_diagnostic_only
ok4e2_338cfb1a4fa7159e,calibration_gate,gate_state_diverse_error_sample,qasper:test:1911.06919,qasper:test:1911.06919:3098793595252039f363ee1150d4ea956f2504b8,d75cf57b73e9cfe10fdba0e9d51db4d05c78c72f2bf6f208b3b2ab416166a2cb,semantic_none,semantic_none,,semantic_none,primary_agreed_locked_not_independently_adjudicated,missing_evidence,2,False,gate_diagnostic_only
ok4e2_b25f4518585aea0d,calibration_gate,gate_state_diverse_error_sample,qasper:test:1612.09535,qasper:test:1612.09535:c316d7d0c80b8f720ff90a8bb84a8b879a3ef7ea,8964d5f77f98136302b8abfee99f89e426fefe59f8ed15ccc0eab9cb7cf897ec,semantic_none,semantic_none,,semantic_none,primary_agreed_locked_not_independently_adjudicated,missing_evidence,0,False,gate_diagnostic_only
ok4e2_c6312e4715db7742,policy_development,policy_blinded_control,qasper:validation:1811.05711,qasper:validation:1811.05711:0689904db9b00a814e3109fb1698086370a28fa2,cf7b13bfebbcf0af83a61398eafc72b6caa16f8463cd35de82a3497e9b4a8aec,answerable,answerable,,answerable,primary_agreed_locked_not_independently_adjudicated,explicit_answer,2,False,no_label_change
ok4e2_59ecbec749bd0dc5,policy_development,policy_all_error,qasper:validation:1802.00396,qasper:validation:1802.00396:003d6f9722ddc2ee13e879fefafc315fb8e87cb9,a4686ddb5490ae40255d69d09076f1c41c5982ff806c66c697a0286bfa693c38,semantic_none,answerable,answerable,answerable,independent_adjudication,gold_evidence_incomplete,0,True,candidate_label_and_evidence_repair
ok4e2_2ef224a43db57c68,policy_development,policy_all_error,qasper:validation:2001.02284,qasper:validation:2001.02284:ca5a82b54cb707c9b947aa8445aac51ea218b23a,ba0b2c2283a79a1fa24bc37c771cc662805524c700cf4542cc0a59a93fdf0aac,answerable,answerable,,answerable,primary_agreed_locked_not_independently_adjudicated,explicit_answer,6,False,no_label_change
ok4e2_f5960559429d705c,policy_development,policy_blinded_control,qasper:validation:2003.11562,qasper:validation:2003.11562:fc4ae12576ea3a85ea6d150b46938890d63a7d18,a7cf853817b1442fc6ac6412dc2b12400c55cf695783407980df0be7e7e1da5f,answerable,answerable,,answerable,primary_agreed_locked_not_independently_adjudicated,explicit_answer,1,False,no_label_change
ok4e2_9b456e5390cda66e,policy_development,policy_blinded_control,qasper:validation:1912.00667,qasper:validation:1912.00667:4ac2c3c259024d7cd8e449600b499f93332dab60,367c745b604e065b5812f25dc3d8b0cf6e93fa7aaab674db52e9158c2985bb57,semantic_none,answerable,semantic_none,semantic_none,independent_adjudication_plus_followup,insufficient_state_evidence,1,False,quarantine_low_confidence_followup
ok4e2_8dd7e0b4fa3b214f,policy_development,policy_all_error,qasper:validation:2001.07786,qasper:validation:2001.07786:902b3123aec0f3a39319ffa9d05ab8e08a2eb567,23af043c0ba4157d380f1ec82d0b8870c97c36d77395783d7bef098494a0dcf4,semantic_none,ambiguous,ambiguous,ambiguous,independent_adjudication,question_underspecified,0,True,quarantine_ambiguous
ok4e2_6b6b26c00c5b0fff,policy_development,policy_all_error,qasper:train:1808.05077,qasper:train:1808.05077:53b02095ba7625d85721692fce578654f66bbdf0,40ba14f6111b713d1f493f0d725c4e5d76e913fb170b0355152a0d131ce558fe,semantic_none,semantic_none,,semantic_none,primary_agreed_locked_not_independently_adjudicated,missing_evidence,0,False,no_label_change
ok4e2_2f86decc9cb088b1,calibration_gate,gate_state_diverse_error_sample,qasper:test:1804.01155,qasper:test:1804.01155:cfc73e0c82cf1630b923681c450a541a964688b9,998e92a9cc0bde8603c9239d43e960e91bbe03e6b500937a950f2d765555de22,semantic_none,answerable,answerable,answerable,independent_adjudication,annotation_label_error,3,True,gate_diagnostic_only
ok4e2_6f34aa64154971d6,calibration_gate,gate_state_diverse_error_sample,qasper:test:1809.08935,qasper:test:1809.08935:7fba61426737394304e307cdc7537225f6253150,1865457018b3bcd46bd055b436e4e718478aa49dfeceea3f8f5e12de9ea08c8e,semantic_none,semantic_none,,semantic_none,primary_agreed_locked_not_independently_adjudicated,missing_evidence,0,False,gate_diagnostic_only
ok4e2_0244ac97a6b9e9e9,calibration_gate,gate_state_diverse_error_sample,qasper:test:1606.07043,qasper:test:1606.07043:ec8f39d32084996ab825debd7113c71daac38b06,dc7612742a359187a69881f00067ac092e9a65ea0f71af7fb5e838143807ca7e,answerable,answerable,,answerable,primary_agreed_locked_not_independently_adjudicated,explicit_answer,2,False,gate_diagnostic_only
ok4e2_4f038595fcc3fc49,policy_development,policy_all_error,qasper:train:1901.02262,qasper:train:1901.02262:cb8a6f5c29715619a137e21b54b29e9dd48dad7d,f2f9e5bd7c7872183ebc4dbe15d92f1124cd4e82e9a35d424e4d4c19cdeb9956,answerable,answerable,,answerable,primary_agreed_locked_not_independently_adjudicated,explicit_answer,1,False,no_label_change
ok4e2_1f5356f7d2f80896,policy_development,policy_all_error,qasper:validation:2001.03131,qasper:validation:2001.03131:3fff37b9f68697d080dbd9d9008a63907137644e,96ba14c5834090084a62a3954eb9125e72b64271a8e6f839a1243f092a8e467f,semantic_none,answerable,answerable,answerable,independent_adjudication,gold_evidence_incomplete,0,True,candidate_label_and_evidence_repair
ok4e2_82c6afc14b7c35c0,policy_development,policy_all_error,qasper:validation:1908.10084,qasper:validation:1908.10084:7f207549c75f5c4388efc15ed28822672b845663,6e52dbabef35e68927bde72b6f0ef015ca2e2b90602f34f1f743f097e6d7f5a1,answerable,answerable,,answerable,primary_agreed_locked_not_independently_adjudicated,explicit_answer,1,False,no_label_change
ok4e2_99acc3b3aa9c25d2,policy_development,policy_all_error,qasper:train:1909.11879,qasper:train:1909.11879:8aeaa3ccb8e062a01007c25a510b0dc1747ce66c,62020acea09bda506896726cbc87a0ef4d6a4cee643f072affc798fda36e6b9b,answerable,answerable,,answerable,primary_agreed_locked_not_independently_adjudicated,explicit_answer,0,False,no_label_change
ok4e2_32292f66601eb0fa,policy_development,policy_blinded_control,qasper:validation:2001.02284,qasper:validation:2001.02284:da55bd769721b878dd17f07f124a37a0a165db02,ba0b2c2283a79a1fa24bc37c771cc662805524c700cf4542cc0a59a93fdf0aac,semantic_none,answerable,answerable,answerable,independent_adjudication,annotation_label_error,1,True,candidate_label_and_evidence_repair
ok4e2_a492816c11ea8ad3,policy_development,policy_all_error,qasper:validation:1603.09631,qasper:validation:1603.09631:455d4ef8611f62b1361be4f6387b222858bb5e56,e4c16a21f9f29c4b0d54f66fc632d52a51b3dd4542c96be3eb0a6b83d9997d82,answerable,answerable,,answerable,primary_agreed_locked_not_independently_adjudicated,explicit_answer,2,False,no_label_change
ok4e2_afff0e3aece1bc47,policy_development,policy_all_error,qasper:validation:1608.01884,qasper:validation:1608.01884:662870a90890c620a964720b2ca122a1139410ea,f28fd617e49ef4e706c749ceb82e16f4f7e26a08745012b6fb12c44b6eec42ef,answerable,answerable,,answerable,primary_agreed_locked_not_independently_adjudicated,explicit_answer,6,False,no_label_change
ok4e2_7e5cb6fcb9e34e0d,policy_development,policy_all_error,qasper:validation:2001.03131,qasper:validation:2001.03131:a778b8204a415b295f73b93623d09599f242f202,96ba14c5834090084a62a3954eb9125e72b64271a8e6f839a1243f092a8e467f,answerable,answerable,,answerable,primary_agreed_locked_not_independently_adjudicated,explicit_answer,2,False,no_label_change
ok4e2_ae361cc7fdf9d167,policy_development,policy_all_error,qasper:validation:1701.05574,qasper:validation:1701.05574:49c32a2a64eb41381e5f12ccea4150cac9f3303d,a4ff9f499288cb147143807b769877e62b1f3b68a60dc8cab64115f613b7a50d,semantic_none,answerable,answerable,answerable,independent_adjudication,annotation_label_error,1,True,candidate_label_and_evidence_repair
ok4e2_28c1930db7a30f84,policy_development,policy_all_error,qasper:validation:1612.08205,qasper:validation:1612.08205:01a41c0a4a7365cd37d28690735114f2ff5229f2,1e9f2ed6a720459ff387aa83c9c953a8557c8b36d60a72a46b16084af70ab0c8,answerable,answerable,,answerable,primary_agreed_locked_not_independently_adjudicated,explicit_answer,1,False,no_label_change
ok4e2_207a15f82d3c6458,policy_development,policy_all_error,qasper:train:1808.05077,qasper:train:1808.05077:4140d8b5a78aea985546aa1e323de12f63d24add,40ba14f6111b713d1f493f0d725c4e5d76e913fb170b0355152a0d131ce558fe,semantic_none,semantic_none,,semantic_none,primary_agreed_locked_not_independently_adjudicated,missing_evidence,0,False,no_label_change
ok4e2_3ab8da698ac038ae,calibration_gate,gate_state_diverse_error_sample,qasper:test:1704.08390,qasper:test:1704.08390:3605ea281e72e9085a0ac0a7270cef25fc23063f,fa29c74b67fc287db32df9a40e0e6a0695f5b5cbeb1a5a06a936c3d9b6e8aa48,semantic_none,semantic_none,,semantic_none,primary_agreed_locked_not_independently_adjudicated,missing_evidence,1,False,gate_diagnostic_only
ok4e2_9ccbe71d8cca5650,policy_development,policy_all_error,qasper:validation:1603.01514,qasper:validation:1603.01514:6568a31241167f618ef5ede939053feaa2fb0d7e,9c9d966e030feff14097ea04d5608302f1cb0ec476b958f12615d337e4b3d3ef,answerable,answerable,,answerable,primary_agreed_locked_not_independently_adjudicated,explicit_answer,1,False,no_label_change
ok4e2_e5ecb3990e0484a7,policy_development,policy_blinded_control,qasper:validation:1910.05603,qasper:validation:1910.05603:ceb4bac1f6c506b5dab37607354530faee02ccac,96e614552726962e41a3e45e11ed37d48e8ff3d069a1d442104a69f987a15c5e,semantic_none,answerable,answerable,answerable,independent_adjudication,gold_evidence_incomplete,0,True,candidate_label_and_evidence_repair
ok4e2_dbaa987687a4446e,policy_development,policy_all_error,qasper:validation:1906.01040,qasper:validation:1906.01040:27cf16bc9ef71761b9df6217f00f39f21130ce15,35eeed5ebc7efc4b8f8400b17edc77f52307515a72bf6fdcd9f52f312c1fb9e5,semantic_none,semantic_none,,semantic_none,primary_agreed_locked_not_independently_adjudicated,missing_evidence,0,False,no_label_change
ok4e2_13a576304083470f,calibration_gate,gate_state_diverse_error_sample,qasper:test:1809.08899,qasper:test:1809.08899:6edef748370e63357a57610b5784204c9715c0b4,508a4b40e7cc63dcc1860cbbeef317e49eaf6e9925be094d5e8fc3fb526fa18b,semantic_none,answerable,answerable,answerable,independent_adjudication,annotation_label_error,1,True,gate_diagnostic_only
ok4e2_d078ceec483a0e0b,calibration_gate,gate_state_diverse_error_sample,qasper:test:2003.04978,qasper:test:2003.04978:65c9aee2051ff7c47112b2aee0d928d9b6a8c2fe,aef0ad1b0436ab1659cc6b4290adfbd89099148856dcf265944089498f1b6419,semantic_none,semantic_none,,semantic_none,primary_agreed_locked_not_independently_adjudicated,missing_evidence,2,False,gate_diagnostic_only
ok4e2_38f71277a5d8813f,policy_development,policy_blinded_control,qasper:train:1705.00108,qasper:train:1705.00108:12cfbaace49f9363fcc10989cf92a50dfe0a55ea,47e7daab7518fe767b44a7f2d8777e6fa5b9910dae689f7613d754ab5b035f91,answerable,answerable,,answerable,primary_agreed_locked_not_independently_adjudicated,explicit_answer,1,False,no_label_change
ok4e2_577b89648c35fbd3,policy_development,policy_all_error,qasper:validation:2003.08380,qasper:validation:2003.08380:7fb27d8d5a8bb351f97236a1f6dcd8b2613b16f1,68e95c61cf12cbec5dffff56bbe418019f95609e722c9b66568995e3b82f293f,answerable,answerable,,answerable,primary_agreed_locked_not_independently_adjudicated,explicit_answer,1,False,no_label_change
ok4e2_f163c45484d6b4c4,policy_development,policy_all_error,qasper:validation:1910.14537,qasper:validation:1910.14537:709feae853ec0362d4e883db8af41620da0677fe,e3908a3f56401cc4c0844f5637d508e7b949022f37f3b07d0f29d871c3e8b95a,answerable,answerable,,answerable,primary_agreed_locked_not_independently_adjudicated,explicit_answer,2,False,no_label_change
ok4e2_3469d7b4cbd6efbd,policy_development,policy_all_error,qasper:train:1604.07236,qasper:train:1604.07236:8e630c5a4a8ba0a4f5d8c483a2bf09c4ac8020ce,610afb18d079b65b99991939d8ae3537c3a33b6eab1ae1fb69967375643181d7,semantic_none,semantic_none,,semantic_none,primary_agreed_locked_not_independently_adjudicated,missing_evidence,0,False,no_label_change
ok4e2_fd701995523fe289,calibration_gate,gate_state_diverse_error_sample,qasper:test:1804.01155,qasper:test:1804.01155:90756bdcd812b7ecc1c5df2298aa7561fd2eb02c,998e92a9cc0bde8603c9239d43e960e91bbe03e6b500937a950f2d765555de22,answerable,answerable,,answerable,primary_agreed_locked_not_independently_adjudicated,explicit_answer,2,False,gate_diagnostic_only
ok4e2_0ad713472eba8619,calibration_gate,gate_state_diverse_error_sample,qasper:test:1908.11046,qasper:test:1908.11046:1dcfcfa46dbcffc2fc7be92dd57df9620258097b,520a6f6783c10e63a4553de43b3a4b5f79da4eaaff74c4e5c1b8022f478ff34b,answerable,answerable,,answerable,primary_agreed_locked_not_independently_adjudicated,implicit_answer,2,False,gate_diagnostic_only
ok4e2_7198c8c9af7a6caf,calibration_gate,gate_state_diverse_error_sample,qasper:test:1909.02855,qasper:test:1909.02855:34e9e54fa79e89ecacac35f97b33ef3ca3a00f85,4f8b46dbe3b593e70bc306d349a92fca9aebcbebe86413f024af025bc3a81810,answerable,semantic_none,semantic_none,semantic_none,independent_adjudication,unresolved_reference_placeholder,1,True,gate_diagnostic_only
ok4e2_750c8f236414e8f2,policy_development,policy_all_error,qasper:train:1804.00079,qasper:train:1804.00079:496304f63006205ee63da376e02ef1b3010c4aa1,2eed93ef7dfd28fca87e8173925e759afd21d81ca4ec7960c76f727346104920,semantic_none,semantic_none,,semantic_none,primary_agreed_locked_not_independently_adjudicated,missing_evidence,0,False,no_label_change
ok4e2_6c83813be362d06e,calibration_gate,gate_state_diverse_error_sample,qasper:test:1710.11027,qasper:test:1710.11027:2d92ae6b36567e7edb6afdd72f97b06ac144fbdf,34528bfe1db8a29a6fe2ea81b2a935da1f32e1541ddd0d70f3ed4ea567c1b8d3,semantic_none,answerable,answerable,answerable,independent_adjudication,annotation_label_error,1,True,gate_diagnostic_only
ok4e2_35d976ad6a77c3f1,policy_development,policy_all_error,qasper:train:2001.05493,qasper:train:2001.05493:5845d1db7f819dbadb72e7df69d49c3f424b5730,10184f39d68c491cdb12581237d7d252d34116918b240d62b2511f7c16f55df2,answerable,semantic_none,semantic_none,semantic_none,independent_adjudication,insufficient_state_evidence,6,True,candidate_label_and_evidence_repair
ok4e2_faee60f83c4a1930,calibration_gate,gate_state_diverse_error_sample,qasper:test:1903.04329,qasper:test:1903.04329:8b8adb1d5a1824c8995b3eba668745c44f61c9c6,3be6b5ace42d45be9aeb42cb8305255f40cd6a3d6c535639386c17b7dd79469a,answerable,answerable,,answerable,primary_agreed_locked_not_independently_adjudicated,implicit_answer,4,False,gate_diagnostic_only
ok4e2_dfacf25398cd8a64,policy_development,policy_all_error,qasper:validation:1706.06894,qasper:validation:1706.06894:c87fcc98625e82fdb494ff0f5309319620d69040,0a61bd586e46ac814abd4ca174d1393fbaccb57a3e0f0442828b012896f4f972,semantic_none,answerable,answerable,answerable,independent_adjudication,annotation_label_error,1,True,candidate_label_and_evidence_repair
ok4e2_733d875b536ffd43,calibration_gate,gate_state_diverse_error_sample,qasper:test:1905.07562,qasper:test:1905.07562:693cdb9978749db04ba34d9c168e71534f00a226,e2649a21c03fe2f4f1ee10f834f1c9f766d7e89b6a7451b25a03067222986f01,answerable,answerable,,answerable,primary_agreed_locked_not_independently_adjudicated,implicit_answer,4,False,gate_diagnostic_only
ok4e2_bebb1e95f25b3a1f,policy_development,policy_blinded_control,qasper:validation:1805.03710,qasper:validation:1805.03710:f7ed3b9ed469ed34f46acde86b8a066c52ecf430,e2a9d9665c5c509ee663e3b803571597d236f8b51faff73dee5c931f33bf3d3f,answerable,answerable,,answerable,primary_agreed_locked_not_independently_adjudicated,explicit_answer,1,False,no_label_change
ok4e2_bfce9fe15eec145e,policy_development,policy_all_error,qasper:validation:1909.09067,qasper:validation:1909.09067:3d013f15796ae7fed5272183a166c45f16e24e39,12fcd4c65bc74828e201fcd09291ac3a30f17d67f62156b9b710ea8939cb7d25,answerable,answerable,,answerable,primary_agreed_locked_not_independently_adjudicated,explicit_answer,4,False,no_label_change
ok4e2_4e50bab6b93b46b4,calibration_gate,gate_state_diverse_error_sample,qasper:test:1804.05253,qasper:test:1804.05253:000549a217ea24432c0656598279dbb85378c113,a2ca2850067894bb1d71854663b6f3f05ba4db4b8513de2ab70d6ddc907f652e,answerable,answerable,,answerable,primary_agreed_locked_not_independently_adjudicated,explicit_answer,1,False,gate_diagnostic_only
ok4e2_937a47b665b60aec,calibration_gate,gate_state_diverse_error_sample,qasper:test:2003.04707,qasper:test:2003.04707:58259f2e22363aab20c448e5dd7b6f432556b32d,0fb0ac508f0de01817e05b058a529b7948e91c8b748db7336e63973d4b886641,semantic_none,answerable,answerable,answerable,independent_adjudication,annotation_label_error,2,True,gate_diagnostic_only
ok4e2_fac965b9f4a4b28f,calibration_gate,gate_state_diverse_error_sample,qasper:test:1910.02677,qasper:test:1910.02677:c30b0d6b23f0f01573eea315176c5ffe4e0c6b5c,3b4729ec60ae6409f5ea284ae1719d34e8b557889fe8f909b60fc2c126cf0aba,answerable,answerable,,answerable,primary_agreed_locked_not_independently_adjudicated,explicit_answer,1,False,gate_diagnostic_only
ok4e2_32a61ef8b3e30284,policy_development,policy_blinded_control,qasper:validation:1601.02403,qasper:validation:1601.02403:206739417251064b910ae9e5ff096e867ee10fb8,a4fccd20bd82e0f3b405e6a1ab3d68ee284a8082cc2185d78bddd7e1f52422a7,semantic_none,answerable,answerable,answerable,independent_adjudication,gold_evidence_incomplete,0,True,candidate_label_and_evidence_repair
ok4e2_96eaeb2ad068311f,calibration_gate,gate_state_diverse_error_sample,qasper:test:1706.02427,qasper:test:1706.02427:b57ad10468e1ba2a7a34396688dbb10a575d89f5,47da5bb3a9a19e65d817698faf2e2544d06dbbe3d6ce91591660d7dc3d5f64c8,answerable,answerable,,answerable,primary_agreed_locked_not_independently_adjudicated,explicit_answer,1,False,gate_diagnostic_only
ok4e2_b08be7bab47f3ae5,policy_development,policy_blinded_control,qasper:validation:1707.06806,qasper:validation:1707.06806:252a645af9876241fb166e5822992ce17fec6eb6,3a3b27d02e6a25575cc6e2ac3e86003695a72a13e5b7ed0f309162d1eacf7d65,semantic_none,semantic_none,,semantic_none,primary_agreed_locked_not_independently_adjudicated,missing_evidence,0,False,no_label_change
ok4e2_7291faeb6dec43dd,calibration_gate,gate_state_diverse_error_sample,qasper:test:2004.03090,qasper:test:2004.03090:369d7bc5351409910c7a5e05c0cbb5abab8e50ec,f65f9eef28ddf20e4cf42ccde08a0bf0f8459a2eca2884d1b642a70658ec11e3,answerable,answerable,,answerable,primary_agreed_locked_not_independently_adjudicated,explicit_answer,1,False,gate_diagnostic_only
ok4e2_11e16bce52a8740e,calibration_gate,gate_state_diverse_error_sample,qasper:test:1911.05652,qasper:test:1911.05652:6c05376cd0f011e00d1ada0254f6db808f33c3b7,892e542a08a03e8a0a439dc85023202228685e38a266ca7a90d3f83258ad9ff2,semantic_none,answerable,answerable,answerable,independent_adjudication,annotation_label_error,1,True,gate_diagnostic_only
ok4e2_6303303e8df66d39,policy_development,policy_all_error,qasper:validation:1612.08205,qasper:validation:1612.08205:935d6a6187e6a0c9c0da8e53a42697f853f5c248,1e9f2ed6a720459ff387aa83c9c953a8557c8b36d60a72a46b16084af70ab0c8,answerable,answerable,,answerable,primary_agreed_locked_not_independently_adjudicated,explicit_answer,1,False,no_label_change
ok4e2_aa58b8492e6c3b31,calibration_gate,gate_state_diverse_error_sample,qasper:test:1907.04072,qasper:test:1907.04072:baec99756b80eec7c0234a08bc2855e6770bcaeb,53084ee120258385564f945ff6de35236b17ad695383bd127f2be4fd36354389,answerable,answerable,,answerable,primary_agreed_locked_not_independently_adjudicated,implicit_answer,1,False,gate_diagnostic_only
ok4e2_1dcb9834a58c5cd5,policy_development,policy_blinded_control,qasper:validation:1901.08079,qasper:validation:1901.08079:5fa36dc8f7c4e65acb962fc484989d20b8fdaeec,bc84165ea56836c20705148d1f423d7e65772c85f82fe257bed37523da5f6cb8,semantic_none,answerable,answerable,semantic_none,independent_adjudication_plus_followup,insufficient_state_evidence,1,False,quarantine_low_confidence_followup
ok4e2_80b42d023e19f54b,policy_development,policy_all_error,qasper:train:1604.07236,qasper:train:1604.07236:d9eacd965bbdc468da522e5e6fe7491adc34b93b,610afb18d079b65b99991939d8ae3537c3a33b6eab1ae1fb69967375643181d7,answerable,answerable,,answerable,primary_agreed_locked_not_independently_adjudicated,explicit_answer,1,False,no_label_change
