layer,expert,token_rows
0,0,4
0,1,9
0,2,22
0,3,22
0,4,19
0,5,8
0,6,13
0,7,13
0,8,18
0,9,23
0,10,6
0,11,5
0,12,7
0,13,5
0,14,9
0,15,4
0,16,14
0,17,24
0,18,21
0,19,11
0,20,10
0,21,10
0,22,16
0,23,22
0,24,3
0,25,15
0,26,8
0,27,12
0,28,11
0,29,7
0,30,9
0,31,11
0,32,11
0,33,9
0,34,11
0,35,15
0,36,9
0,37,14
0,38,16
0,39,6
0,40,13
0,41,9
0,42,13
0,43,7
0,44,11
0,45,15
0,46,10
0,47,4
0,48,3
0,49,6
0,50,13
0,51,8
0,52,1
0,53,15
0,54,9
0,55,16
0,56,7
0,57,9
0,58,14
0,59,27
1,0,14
1,1,12
1,2,5
1,3,29
1,4,21
1,5,12
1,6,4
1,7,5
1,8,13
1,9,13
1,10,16
1,11,12
1,12,17
1,13,12
1,14,8
1,15,12
1,16,2
1,17,11
1,18,8
1,19,22
1,20,4
1,21,10
1,22,13
1,23,3
1,24,9
1,25,24
1,26,14
1,27,6
1,28,3
1,29,8
1,30,15
1,31,12
1,32,5
1,33,16
1,34,12
1,35,19
1,36,14
1,37,7
1,38,9
1,39,16
1,40,8
1,41,23
1,42,5
1,43,13
1,44,11
1,45,7
1,46,11
1,47,5
1,48,5
1,49,15
1,50,10
1,51,11
1,52,13
1,53,10
1,54,22
1,55,9
1,56,20
1,57,11
1,58,7
1,59,9
2,0,8
2,1,7
2,2,4
2,3,10
2,4,13
2,5,2
2,6,1
2,7,5
2,8,2
2,9,19
2,10,20
2,11,16
2,12,7
2,13,18
2,14,6
2,15,8
2,16,29
2,17,20
2,18,11
2,19,20
2,20,5
2,21,25
2,22,3
2,23,15
2,24,21
2,25,12
2,26,9
2,27,15
2,28,8
2,29,9
2,30,6
2,31,18
2,32,12
2,33,13
2,34,4
2,35,14
2,36,21
2,37,3
2,38,6
2,39,19
2,40,4
2,41,6
2,42,12
2,43,12
2,44,7
2,45,17
2,46,7
2,47,5
2,48,7
2,49,11
2,50,5
2,51,15
2,52,18
2,53,19
2,54,12
2,55,23
2,56,15
2,57,23
2,58,2
2,59,8
3,0,12
3,1,15
3,2,21
3,3,12
3,4,8
3,5,2
3,6,8
3,7,18
3,8,18
3,9,12
3,10,7
3,11,14
3,12,17
3,13,16
3,14,11
3,15,12
3,16,11
3,17,21
3,18,6
3,19,21
3,20,9
3,21,12
3,22,6
3,23,23
3,24,29
3,25,10
3,26,8
3,27,9
3,28,13
3,29,8
3,30,9
3,31,2
3,32,12
3,33,13
3,34,12
3,35,7
3,36,22
3,37,7
3,38,4
3,39,14
3,40,20
3,41,12
3,42,25
3,43,14
3,44,4
3,45,12
3,46,9
3,47,21
3,48,6
3,49,11
3,50,6
3,51,8
3,52,3
3,53,6
3,54,12
3,55,12
3,56,2
3,57,5
3,58,8
3,59,5
4,0,8
4,1,9
4,2,7
4,3,7
4,4,19
4,5,10
4,6,15
4,7,5
4,8,2
4,9,22
4,10,14
4,11,17
4,12,12
4,13,8
4,14,14
4,15,32
4,16,13
4,17,13
4,18,25
4,19,6
4,20,10
4,21,8
4,22,4
4,23,17
4,24,8
4,25,9
4,26,3
4,27,18
4,28,22
4,29,6
4,30,6
4,31,15
4,32,14
4,33,5
4,34,10
4,35,8
4,36,18
4,37,9
4,38,5
4,39,10
4,40,11
4,41,11
4,42,21
4,43,9
4,44,18
4,45,14
4,46,12
4,47,18
4,48,7
4,49,7
4,50,19
4,51,16
4,52,3
4,53,8
4,54,4
4,55,16
4,56,16
4,57,10
4,58,4
4,59,5
5,0,15
5,1,12
5,2,17
5,3,17
5,4,5
5,5,11
5,6,12
5,7,10
5,8,6
5,9,17
5,10,19
5,11,3
5,12,10
5,13,19
5,14,7
5,15,19
5,16,13
5,17,13
5,18,17
5,19,6
5,20,21
5,21,10
5,22,7
5,23,5
5,24,6
5,25,32
5,26,13
5,27,15
5,28,21
5,29,16
5,30,12
5,31,8
5,32,9
5,33,19
5,34,13
5,35,7
5,36,6
5,37,14
5,38,19
5,39,8
5,40,8
5,41,3
5,42,14
5,43,16
5,44,17
5,45,7
5,46,14
5,47,5
5,48,5
5,49,5
5,50,4
5,51,9
5,52,8
5,53,3
5,54,16
5,55,6
5,56,8
5,57,12
5,58,15
5,59,8
6,0,7
6,1,7
6,2,31
6,3,5
6,4,26
6,5,7
6,6,17
6,7,22
6,8,6
6,9,11
6,10,23
6,11,9
6,12,8
6,13,14
6,14,8
6,15,19
6,16,5
6,17,24
6,18,2
6,19,5
6,20,14
6,21,13
6,22,15
6,23,21
6,24,12
6,25,10
6,26,11
6,27,15
6,28,6
6,29,9
6,30,6
6,31,12
6,32,9
6,33,15
6,34,4
6,35,10
6,36,9
6,37,14
6,38,9
6,39,6
6,40,19
6,41,22
6,42,13
6,43,12
6,44,17
6,45,10
6,46,12
6,47,3
6,48,11
6,49,7
6,50,3
6,51,11
6,52,4
6,53,23
6,54,3
6,55,22
6,56,2
6,57,7
6,58,7
6,59,8
7,0,7
7,1,8
7,2,11
7,3,1
7,4,13
7,5,11
7,6,17
7,7,10
7,8,11
7,9,10
7,10,6
7,11,19
7,12,3
7,13,26
7,14,11
7,15,12
7,16,8
7,17,6
7,18,7
7,19,11
7,20,5
7,21,7
7,22,6
7,23,22
7,24,17
7,25,8
7,26,10
7,27,6
7,28,7
7,29,22
7,30,7
7,31,7
7,32,19
7,33,6
7,34,12
7,35,5
7,36,20
7,37,14
7,38,21
7,39,5
7,40,19
7,41,21
7,42,5
7,43,24
7,44,12
7,45,21
7,46,10
7,47,14
7,48,11
7,49,21
7,50,9
7,51,18
7,52,12
7,53,4
7,54,5
7,55,5
7,56,24
7,57,4
7,58,8
7,59,11
8,0,26
8,1,6
8,2,21
8,3,1
8,4,21
8,5,6
8,6,8
8,7,9
8,8,4
8,9,21
8,10,12
8,11,14
8,12,10
8,13,14
8,14,6
8,15,11
8,16,7
8,17,5
8,18,6
8,19,36
8,20,10
8,21,15
8,22,15
8,23,3
8,24,5
8,25,11
8,26,4
8,27,16
8,28,4
8,29,14
8,30,11
8,31,11
8,32,10
8,33,13
8,34,8
8,35,15
8,36,12
8,37,23
8,38,4
8,39,16
8,40,11
8,41,18
8,42,14
8,43,8
8,44,12
8,45,11
8,46,6
8,47,10
8,48,21
8,49,18
8,50,7
8,51,2
8,52,16
8,53,9
8,54,12
8,55,5
8,56,5
8,57,12
8,58,6
8,59,25
9,0,10
9,1,8
9,2,6
9,3,1
9,4,8
9,5,11
9,6,4
9,7,9
9,8,6
9,9,9
9,10,8
9,11,9
9,12,14
9,13,9
9,14,17
9,15,9
9,16,17
9,17,6
9,18,12
9,19,7
9,20,11
9,21,5
9,22,6
9,23,6
9,24,10
9,25,7
9,26,11
9,27,18
9,28,2
9,29,5
9,30,5
9,31,18
9,32,4
9,33,22
9,34,23
9,35,16
9,36,25
9,37,20
9,38,18
9,39,15
9,40,7
9,41,19
9,42,25
9,43,11
9,44,14
9,45,15
9,46,9
9,47,22
9,48,14
9,49,15
9,50,12
9,51,11
9,52,12
9,53,19
9,54,7
9,55,16
9,56,8
9,57,11
9,58,13
9,59,5
10,0,13
10,1,8
10,2,10
10,3,4
10,4,11
10,5,12
10,6,8
10,7,9
10,8,10
10,9,7
10,10,11
10,11,1
10,12,10
10,13,1
10,14,6
10,15,6
10,16,11
10,17,2
10,18,20
10,19,22
10,20,17
10,21,4
10,22,17
10,23,11
10,24,13
10,25,19
10,26,14
10,27,24
10,28,15
10,29,4
10,30,9
10,31,7
10,32,12
10,33,9
10,34,3
10,35,25
10,36,4
10,37,17
10,38,8
10,39,15
10,40,18
10,41,13
10,42,10
10,43,9
10,44,19
10,45,2
10,46,9
10,47,7
10,48,15
10,49,3
10,50,17
10,51,18
10,52,12
10,53,22
10,54,25
10,55,20
10,56,17
10,57,13
10,58,3
10,59,11
11,0,7
11,1,11
11,2,16
11,3,12
11,4,11
11,5,13
11,6,29
11,7,4
11,8,13
11,9,18
11,10,5
11,11,14
11,12,1
11,13,7
11,14,6
11,15,2
11,16,18
11,17,8
11,18,5
11,19,10
11,20,10
11,21,7
11,22,4
11,23,31
11,24,4
11,25,11
11,26,10
11,27,6
11,28,17
11,29,16
11,30,9
11,31,17
11,32,18
11,33,12
11,34,15
11,35,4
11,36,17
11,37,7
11,38,17
11,39,11
11,40,18
11,41,15
11,42,15
11,43,16
11,44,11
11,45,10
11,46,15
11,47,6
11,48,9
11,49,11
11,50,26
11,51,7
11,52,13
11,53,9
11,54,5
11,55,12
11,56,15
11,57,10
11,58,10
11,59,6
12,0,7
12,1,14
12,2,8
12,3,7
12,4,13
12,5,15
12,6,6
12,7,19
12,8,4
12,9,7
12,10,3
12,11,9
12,12,14
12,13,4
12,14,13
12,15,13
12,16,11
12,17,11
12,18,13
12,19,7
12,20,16
12,21,18
12,22,9
12,23,6
12,24,21
12,25,9
12,26,5
12,27,10
12,28,26
12,29,12
12,30,12
12,31,11
12,32,6
12,33,7
12,34,15
12,35,3
12,36,12
12,37,9
12,38,11
12,39,8
12,40,8
12,41,12
12,42,10
12,43,5
12,44,23
12,45,6
12,46,26
12,47,13
12,48,16
12,49,19
12,50,18
12,51,12
12,52,12
12,53,15
12,54,17
12,55,11
12,56,4
12,57,18
12,58,21
12,59,2
13,0,10
13,1,19
13,2,6
13,3,14
13,4,11
13,5,5
13,6,14
13,7,8
13,8,8
13,9,10
13,10,5
13,11,10
13,12,11
13,13,12
13,14,8
13,15,8
13,16,12
13,17,7
13,18,9
13,19,12
13,20,17
13,21,10
13,22,12
13,23,20
13,24,7
13,25,13
13,26,24
13,27,7
13,28,12
13,29,20
13,30,11
13,31,14
13,32,11
13,33,7
13,34,16
13,35,8
13,36,22
13,37,2
13,38,4
13,39,21
13,40,13
13,41,10
13,42,8
13,43,15
13,44,4
13,45,29
13,46,8
13,47,4
13,48,21
13,49,15
13,50,3
13,51,21
13,52,8
13,53,5
13,54,3
13,55,15
13,56,14
13,57,9
13,58,13
13,59,17
14,0,5
14,1,10
14,2,29
14,3,5
14,4,17
14,5,15
14,6,5
14,7,7
14,8,13
14,9,14
14,10,8
14,11,10
14,12,8
14,13,20
14,14,15
14,15,3
14,16,15
14,17,23
14,18,6
14,19,5
14,20,18
14,21,10
14,22,16
14,23,17
14,24,13
14,25,5
14,26,16
14,27,6
14,28,9
14,29,9
14,30,11
14,31,10
14,32,14
14,33,6
14,34,8
14,35,11
14,36,11
14,37,12
14,38,8
14,39,20
14,40,8
14,41,1
14,42,6
14,43,13
14,44,7
14,45,21
14,46,27
14,47,11
14,48,6
14,49,4
14,50,10
14,51,8
14,52,12
14,53,11
14,54,5
14,55,22
14,56,21
14,57,22
14,58,5
14,59,9
15,0,9
15,1,13
15,2,4
15,3,9
15,4,9
15,5,12
15,6,22
15,7,5
15,8,13
15,9,14
15,10,5
15,11,6
15,12,13
15,13,6
15,14,7
15,15,7
15,16,14
15,17,18
15,18,20
15,19,14
15,20,12
15,21,14
15,22,17
15,23,4
15,24,25
15,25,6
15,26,15
15,27,10
15,28,10
15,29,23
15,30,7
15,31,11
15,32,6
15,33,13
15,34,4
15,35,8
15,36,9
15,37,12
15,38,10
15,39,25
15,40,13
15,41,13
15,42,14
15,43,6
15,44,10
15,45,10
15,46,8
15,47,15
15,48,15
15,49,7
15,50,15
15,51,10
15,52,11
15,53,6
15,54,14
15,55,4
15,56,7
15,57,9
15,58,22
15,59,22
16,0,11
16,1,14
16,2,11
16,3,5
16,4,13
16,5,8
16,6,15
16,7,21
16,8,12
16,9,7
16,10,4
16,11,9
16,12,9
16,13,7
16,14,9
16,15,13
16,16,9
16,17,5
16,18,9
16,19,5
16,20,14
16,21,6
16,22,26
16,23,5
16,24,20
16,25,4
16,26,8
16,27,13
16,28,6
16,29,18
16,30,16
16,31,14
16,32,5
16,33,5
16,34,8
16,35,12
16,36,16
16,37,21
16,38,10
16,39,9
16,40,11
16,41,20
16,42,5
16,43,16
16,44,17
16,45,23
16,46,12
16,47,7
16,48,3
16,49,12
16,50,15
16,51,25
16,52,14
16,53,14
16,54,10
16,55,14
16,56,2
16,57,15
16,58,11
16,59,14
17,0,12
17,1,6
17,2,10
17,3,8
17,4,13
17,5,18
17,6,7
17,7,7
17,8,5
17,9,4
17,10,8
17,11,10
17,12,8
17,13,30
17,14,4
17,15,9
17,16,7
17,17,18
17,18,4
17,19,19
17,20,10
17,21,4
17,22,8
17,23,16
17,24,14
17,25,14
17,26,14
17,27,12
17,28,19
17,29,6
17,30,14
17,31,5
17,32,13
17,33,5
17,34,21
17,35,6
17,36,15
17,37,20
17,38,17
17,39,14
17,41,8
17,42,17
17,43,11
17,44,10
17,45,7
17,46,9
17,47,9
17,48,17
17,49,13
17,50,13
17,51,9
17,52,12
17,53,8
17,54,23
17,55,14
17,56,21
17,57,19
17,58,10
17,59,8
18,0,14
18,1,22
18,2,7
18,3,10
18,4,22
18,5,13
18,6,4
18,7,5
18,8,6
18,9,3
18,10,10
18,11,21
18,12,8
18,13,15
18,14,10
18,15,18
18,16,5
18,17,9
18,18,23
18,19,13
18,20,10
18,21,1
18,22,12
18,23,7
18,24,18
18,25,8
18,26,14
18,27,11
18,28,10
18,29,8
18,30,13
18,31,10
18,32,22
18,33,7
18,34,5
18,35,21
18,36,10
18,37,6
18,38,15
18,39,10
18,40,10
18,41,14
18,42,13
18,43,4
18,44,16
18,45,2
18,46,7
18,47,15
18,48,16
18,49,6
18,50,9
18,51,19
18,52,10
18,53,26
18,54,10
18,55,5
18,56,20
18,57,6
18,58,10
18,59,18
19,0,5
19,1,5
19,2,2
19,3,22
19,4,26
19,5,17
19,6,9
19,7,22
19,8,12
19,9,4
19,10,14
19,11,2
19,12,2
19,13,19
19,14,9
19,15,20
19,16,13
19,17,21
19,18,12
19,19,5
19,20,16
19,21,6
19,22,12
19,23,17
19,24,14
19,25,24
19,26,15
19,27,11
19,28,4
19,29,16
19,30,10
19,31,10
19,32,8
19,33,9
19,34,5
19,35,10
19,36,9
19,37,13
19,38,4
19,39,22
19,40,8
19,41,9
19,42,7
19,43,7
19,44,16
19,45,16
19,46,7
19,47,7
19,48,10
19,49,18
19,50,10
19,51,9
19,52,3
19,53,12
19,54,5
19,55,7
19,56,6
19,57,19
19,58,18
19,59,22
20,0,17
20,1,11
20,2,19
20,3,7
20,4,10
20,5,20
20,6,12
20,7,21
20,8,1
20,9,13
20,10,19
20,11,32
20,12,20
20,13,9
20,14,5
20,15,7
20,16,10
20,17,9
20,18,20
20,19,15
20,20,14
20,21,8
20,22,5
20,23,11
20,24,24
20,25,14
20,26,18
20,27,22
20,28,13
20,29,5
20,30,13
20,31,16
20,32,8
20,33,10
20,34,6
20,35,15
20,36,2
20,37,19
20,38,13
20,39,12
20,40,5
20,41,9
20,42,1
20,43,1
20,44,1
20,45,12
20,46,5
20,47,16
20,48,4
20,49,2
20,50,10
20,51,9
20,52,7
20,53,6
20,54,7
20,55,7
20,56,13
20,57,5
20,58,26
20,59,21
21,0,3
21,1,12
21,2,21
21,3,1
21,4,9
21,5,18
21,6,7
21,7,17
21,8,21
21,10,12
21,11,10
21,12,24
21,13,17
21,14,8
21,15,11
21,16,9
21,17,8
21,18,18
21,19,25
21,20,7
21,21,8
21,22,8
21,23,23
21,24,22
21,25,7
21,26,19
21,27,7
21,28,13
21,29,22
21,30,9
21,31,15
21,32,19
21,33,18
21,34,3
21,35,28
21,37,23
21,38,14
21,39,4
21,40,7
21,41,9
21,42,8
21,43,1
21,44,1
21,45,10
21,46,4
21,47,8
21,48,5
21,49,10
21,50,16
21,51,6
21,52,8
21,53,10
21,54,12
21,55,18
21,56,4
21,57,17
21,58,9
21,59,9
22,0,17
22,1,3
22,2,3
22,3,4
22,4,26
22,5,1
22,6,8
22,7,7
22,8,4
22,9,5
22,10,24
22,11,12
22,12,9
22,13,12
22,14,7
22,15,10
22,16,17
22,17,9
22,18,2
22,19,23
22,20,11
22,21,6
22,22,7
22,23,4
22,24,5
22,25,21
22,26,9
22,27,4
22,28,32
22,29,14
22,30,2
22,31,1
22,32,4
22,33,16
22,34,24
22,35,16
22,36,7
22,37,3
22,38,6
22,39,5
22,40,26
22,41,25
22,42,14
22,43,16
22,44,4
22,45,11
22,46,14
22,47,7
22,48,16
22,49,2
22,50,14
22,51,15
22,52,29
22,53,18
22,54,10
22,55,34
22,56,5
22,57,5
22,58,12
22,59,15
23,0,15
23,1,19
23,2,13
23,3,5
23,4,12
23,5,10
23,6,11
23,7,10
23,8,6
23,9,5
23,10,17
23,11,4
23,12,2
23,13,8
23,14,4
23,15,2
23,16,8
23,17,8
23,18,15
23,19,8
23,20,16
23,21,10
23,22,19
23,23,4
23,24,8
23,25,20
23,26,2
23,27,3
23,28,69
23,29,6
23,30,11
23,31,23
23,32,6
23,33,10
23,34,5
23,35,10
23,36,15
23,37,20
23,38,15
23,39,11
23,40,10
23,41,14
23,42,2
23,43,1
23,44,22
23,45,10
23,46,7
23,47,13
23,48,2
23,49,32
23,50,12
23,51,19
23,52,26
23,53,9
23,54,1
23,55,1
23,56,6
23,57,8
23,58,10
23,59,22
