state_id,source_split,source_parquet_sha256,caption_index,caption_text,in_frozen_state,status
qasper:train:1804.00079,train,9af08092ee26c4f700202c1f90d1592b662926f23f3a308a10ff0a53345e37fe,0,Table 1: An approximate number of sentence pairs for each task.,False,caption_candidate_not_pdf_table_cells_or_gold
qasper:train:1804.00079,train,9af08092ee26c4f700202c1f90d1592b662926f23f3a308a10ff0a53345e37fe,1,"Figure 1: T-SNE visualizations of our sentence representations on 3 different datasets. SUBJ (left), TREC (middle), DBpedia (right). Dataset details are presented in the Appendix.",False,caption_candidate_not_pdf_table_cells_or_gold
qasper:train:1804.00079,train,9af08092ee26c4f700202c1f90d1592b662926f23f3a308a10ff0a53345e37fe,2,"Table 2: Evaluation of sentence representations on a set of 10 tasks using a linear model trained using each model’s representations. The FastSent and NMT En-Fr models are described in Hill et al. (2016), CNN-LSTM in Gan et al. (2016), Skipthought in Kiros et al. (2015), Word embedding average in Arora et al. (2016), DiscSent from Jernite et al. (2017), Byte mLSTM from Radford et al. (2017), Infersent in Conneau et al. (2017), Neural Semantic Encoder from Munkhdalai & Yu (2017), BLSTM-2DCNN from Zhou et al. (2016). STN, Fr, De, NLI, L, 2L, STP & Par stand for skip-thought next, French translation, German translation, natural language inference, large model, 2-layer large model, skip-thought previous and parsing respectively. ∆ indicates the average improvement over Infersent (AllNLI) across all 10 tasks. For MRPC and STSB we consider only the F1 score and Spearman correlations respectively and we also multiply the SICK-R scores by 100 to have all differences in the same scale. Bold numbers indicate the best performing transfer model on a given task. Underlines are used for each task to indicate both our best performing model as well as the best performing transfer model that isn’t ours.",False,caption_candidate_not_pdf_table_cells_or_gold
qasper:train:1804.00079,train,9af08092ee26c4f700202c1f90d1592b662926f23f3a308a10ff0a53345e37fe,3,"Table 3: Evaluation of word embeddings. All results were computed using Faruqui & Dyer (2014) with the exception of the Skipgram, NMT, Charagram and Attract-Repel embeddings. Skipgram and NMT results were obtained from Jastrzebski et al. (2017)5. Charagram and Attract-Repel results were taken from Wieting et al. (2016) and Mrkšić et al. (2017) respectively. We also report QVEC benchmarks (Tsvetkov et al., 2015)",False,caption_candidate_not_pdf_table_cells_or_gold
qasper:train:1804.00079,train,9af08092ee26c4f700202c1f90d1592b662926f23f3a308a10ff0a53345e37fe,4,"Table 4: Supervised & low-resource classification accuracies on the Quora duplicate question dataset. Accuracies are reported corresponding to the number of training examples used. The first 6 rows are taken from Wang et al. (2017), the next 4 are from Tomar et al. (2017), the next 5 from Shen et al. (2017) and The last 4 rows are our experiments using Infersent (Conneau et al., 2017) and our models.",False,caption_candidate_not_pdf_table_cells_or_gold
qasper:train:1804.00079,train,9af08092ee26c4f700202c1f90d1592b662926f23f3a308a10ff0a53345e37fe,5,"Table 5: Evaluation of sentence representations by probing for certain sentence characteristics and syntactic properties. Sentence length, word content & word order from Adi et al. (2016) and sentence active/passive, tense and top level syntactic sequence (TSS) from Shi et al. (2016). Numbers reported are the accuracy with which the models were able to predict certain characteristics.",False,caption_candidate_not_pdf_table_cells_or_gold
qasper:train:1804.00079,train,9af08092ee26c4f700202c1f90d1592b662926f23f3a308a10ff0a53345e37fe,6,Table 6: COCO Retrieval with ResNet-101 features,False,caption_candidate_not_pdf_table_cells_or_gold
qasper:train:1804.00079,train,9af08092ee26c4f700202c1f90d1592b662926f23f3a308a10ff0a53345e37fe,7,"Table 7: Evaluation of sentence representations on the semantic textual similarity benchmarks. Numbers reported are Pearson Correlations x100. Skipthought, GloVe average, GloVe TF-IDF, GloVe + WR (U) and all supervised numbers were taken from Arora et al. (2016) and Wieting et al. (2015) and Charagram-phrase numbers were taken from Wieting et al. (2016). Other numbers were obtained from the evaluation suite provided by Conneau et al. (2017)",False,caption_candidate_not_pdf_table_cells_or_gold
qasper:train:1804.00079,train,9af08092ee26c4f700202c1f90d1592b662926f23f3a308a10ff0a53345e37fe,8,"Table 8: A query sentence and its nearest neighbors sorted by decreasing cosine similarity using our model. Sentences and nearest neighbors were chosen from a random subset of 500,000 sentences from the BookCorpus",False,caption_candidate_not_pdf_table_cells_or_gold
qasper:train:1901.02262,train,9af08092ee26c4f700202c1f90d1592b662926f23f3a308a10ff0a53345e37fe,0,"Figure 1: Visualization of how our model generates an answer on MS MARCO. Given an answer style (top: NLG, bottom: Q&A), the model controls the mixture of three distributions for generating words from a vocabulary and copying words from the question and multiple passages at each decoding step.",False,caption_candidate_not_pdf_table_cells_or_gold
qasper:train:1901.02262,train,9af08092ee26c4f700202c1f90d1592b662926f23f3a308a10ff0a53345e37fe,1,Figure 2: Masque model architecture.,False,caption_candidate_not_pdf_table_cells_or_gold
qasper:train:1901.02262,train,9af08092ee26c4f700202c1f90d1592b662926f23f3a308a10ff0a53345e37fe,2,"Figure 3: Multi-source pointer-generator mechanism. For each decoding step t, mixture weights λv, λq, λp for the probability of generating words from the vocabulary and copying words from the question and the passages are calculated. The three distributions are weighted and summed to obtain the final distribution.",False,caption_candidate_not_pdf_table_cells_or_gold
qasper:train:1901.02262,train,9af08092ee26c4f700202c1f90d1592b662926f23f3a308a10ff0a53345e37fe,3,Table 1: Numbers of questions used in the experiments.,False,caption_candidate_not_pdf_table_cells_or_gold
qasper:train:1901.02262,train,9af08092ee26c4f700202c1f90d1592b662926f23f3a308a10ff0a53345e37fe,4,"Table 2: Performance of our and competing models on the MS MARCO V2 leaderboard (4 March 2019). aSeo et al. (2017); bYan et al. (2019); cShao (unpublished), a variant of Tan et al. (2018); dLi (unpublished), a model using Devlin et al. (2018) and See et al. (2017); eQian (unpublished); fWu et al. (2018). Whether the competing models are ensemble models or not is unreported.",False,caption_candidate_not_pdf_table_cells_or_gold
qasper:train:1901.02262,train,9af08092ee26c4f700202c1f90d1592b662926f23f3a308a10ff0a53345e37fe,5,Table 3: Ablation test results on the NLG dev. set. The models were trained with the subset listed in “Train”.,False,caption_candidate_not_pdf_table_cells_or_gold
qasper:train:1901.02262,train,9af08092ee26c4f700202c1f90d1592b662926f23f3a308a10ff0a53345e37fe,6,Table 4: Passage ranking results on the ANS dev. set.,False,caption_candidate_not_pdf_table_cells_or_gold
qasper:train:1901.02262,train,9af08092ee26c4f700202c1f90d1592b662926f23f3a308a10ff0a53345e37fe,7,Figure 4: Precision-recall curve for answer possibility classification on the ALL dev. set.,False,caption_candidate_not_pdf_table_cells_or_gold
qasper:train:1901.02262,train,9af08092ee26c4f700202c1f90d1592b662926f23f3a308a10ff0a53345e37fe,8,Figure 5: Lengths of answers generated by Masque broken down by the answer style and query type on the NLG dev. set. The error bars indicate standard errors.,False,caption_candidate_not_pdf_table_cells_or_gold
qasper:train:1901.02262,train,9af08092ee26c4f700202c1f90d1592b662926f23f3a308a10ff0a53345e37fe,9,Table 5: Performance of our and competing models on the NarrativeQA test set. aSeo et al. (2017); bTay et al. (2018); cBauer et al. (2018); dIndurthi et al. (2018); eHu et al. (2018). fResults on the NarrativeQA validation set.,False,caption_candidate_not_pdf_table_cells_or_gold
qasper:train:1912.07976,train,9af08092ee26c4f700202c1f90d1592b662926f23f3a308a10ff0a53345e37fe,0,Figure 1: Several samples of the seven ATEPC datasets. All the datasets are domainspecific.,False,caption_candidate_not_pdf_table_cells_or_gold
qasper:train:1912.07976,train,9af08092ee26c4f700202c1f90d1592b662926f23f3a308a10ff0a53345e37fe,1,Figure 2: Network architecture of LCF-ATEPC,False,caption_candidate_not_pdf_table_cells_or_gold
qasper:train:1912.07976,train,9af08092ee26c4f700202c1f90d1592b662926f23f3a308a10ff0a53345e37fe,2,Figure 3: The simulation of the context-feature dynamic mask (CDM) mechanism. The arrows mean the contribution of the token in the computation of the self-attention score to arrowed positions (POS). And the features of the output position that the dotted arrow points to will be masked.,False,caption_candidate_not_pdf_table_cells_or_gold
qasper:train:1912.07976,train,9af08092ee26c4f700202c1f90d1592b662926f23f3a308a10ff0a53345e37fe,3,Figure 4: The simulation of the context-feature dynamic weighting (CDW) mechanism. The features of the output position (POS) that the dotted arrow points to will be weighted decay.,False,caption_candidate_not_pdf_table_cells_or_gold
qasper:train:1912.07976,train,9af08092ee26c4f700202c1f90d1592b662926f23f3a308a10ff0a53345e37fe,4,"Table 1 The ABSA datasets for ATE and APC subtasks, including three English datasets and four Chinese datasets.",False,caption_candidate_not_pdf_table_cells_or_gold
qasper:train:1912.07976,train,9af08092ee26c4f700202c1f90d1592b662926f23f3a308a10ff0a53345e37fe,5,"Table 2 Global hyperparameters settings for the LCF-ATEPC model, BERT-BASE and BERT-SPC models in the experiments.",False,caption_candidate_not_pdf_table_cells_or_gold
qasper:train:1912.07976,train,9af08092ee26c4f700202c1f90d1592b662926f23f3a308a10ff0a53345e37fe,6,Table 3 The experimental results (%) of LCF-ATEPC models on four Chinese datasets. “-” represents the result is not unreported. The optimal performance is in bold.,False,caption_candidate_not_pdf_table_cells_or_gold
qasper:train:1912.07976,train,9af08092ee26c4f700202c1f90d1592b662926f23f3a308a10ff0a53345e37fe,7,"Table 4 Experimental results (%) of the LCF-ATEPC model. F1ate, Accapc and F1apc are the macro-F1 score of ATE subtask, accuracy and macro-F1 score of the APC subtask. The unreported experimental results are denoted by “-”, and the optimal performance is in bold.",False,caption_candidate_not_pdf_table_cells_or_gold
qasper:train:1912.07976,train,9af08092ee26c4f700202c1f90d1592b662926f23f3a308a10ff0a53345e37fe,8,Table 5 The empirical performance comparison between multi-task and single-task learning. The “-” indicates that the statistics are not important during single-task learning optimization and not listed in the table. The optimal performance is in bold. “∗” indicates the real performance is almost up to 100%.,False,caption_candidate_not_pdf_table_cells_or_gold
qasper:train:1912.07976,train,9af08092ee26c4f700202c1f90d1592b662926f23f3a308a10ff0a53345e37fe,9,Table 6 Experimental results of LCF-ATEPC on Laptop and Restaurant data sets using domainadapted pretrained BERT.,False,caption_candidate_not_pdf_table_cells_or_gold
qasper:train:1912.07976,train,9af08092ee26c4f700202c1f90d1592b662926f23f3a308a10ff0a53345e37fe,10,"Figure 6: The 6(a), 6(b) are the performance visualization of LCF-ATEPC-CDM and LCF-ATEPC-CDW on the Chinese Phone dataset under different SRDs, respectively.",False,caption_candidate_not_pdf_table_cells_or_gold
qasper:train:1912.07976,train,9af08092ee26c4f700202c1f90d1592b662926f23f3a308a10ff0a53345e37fe,11,"Figure 7: The 7(a), 7(b) are the performance visualization of LCF-ATEPC-CDM and LCF-ATEPC-CDW on the Restaurant dataset under different SRDs, respectively.",False,caption_candidate_not_pdf_table_cells_or_gold
qasper:validation:2001.03131,validation,089781b91c337d348dd9e8b57cc8adc100ed2d9cab84a6127402bcccf1559222,0,Figure 1: Illustrates the block diagram for the proposed approach,False,caption_candidate_not_pdf_table_cells_or_gold
qasper:validation:2001.03131,validation,089781b91c337d348dd9e8b57cc8adc100ed2d9cab84a6127402bcccf1559222,1,Table 1: Illustrates the Data distribution,False,caption_candidate_not_pdf_table_cells_or_gold
qasper:validation:2001.03131,validation,089781b91c337d348dd9e8b57cc8adc100ed2d9cab84a6127402bcccf1559222,2,Table 3: Performance evaluation of Universal encoder model features using classical machine learning algorithms,False,caption_candidate_not_pdf_table_cells_or_gold
qasper:validation:2001.03131,validation,089781b91c337d348dd9e8b57cc8adc100ed2d9cab84a6127402bcccf1559222,3,Table 4: Performance evaluation of Fasttext model features using classical machine learning algorithms,False,caption_candidate_not_pdf_table_cells_or_gold
qasper:validation:2001.03131,validation,089781b91c337d348dd9e8b57cc8adc100ed2d9cab84a6127402bcccf1559222,4,Table 2: Illustrates results of top 5 teams in semeval 2019: Task 6 sub-task A,False,caption_candidate_not_pdf_table_cells_or_gold
qasper:validation:2001.03131,validation,089781b91c337d348dd9e8b57cc8adc100ed2d9cab84a6127402bcccf1559222,5,Table 5: Performance evaluation of DMD and HODMD features using SVM linear for control parameter fixed as 1000,False,caption_candidate_not_pdf_table_cells_or_gold
qasper:validation:2001.03131,validation,089781b91c337d348dd9e8b57cc8adc100ed2d9cab84a6127402bcccf1559222,6,Table 7: Performance evaluation of proposed method using Fasttext model features,False,caption_candidate_not_pdf_table_cells_or_gold
qasper:validation:2001.03131,validation,089781b91c337d348dd9e8b57cc8adc100ed2d9cab84a6127402bcccf1559222,7,Figure 2: Illustrates the Accuracy v/s control parameter for DMD and HODMD,False,caption_candidate_not_pdf_table_cells_or_gold
qasper:validation:2001.03131,validation,089781b91c337d348dd9e8b57cc8adc100ed2d9cab84a6127402bcccf1559222,8,Table 6: Performance evaluation of proposed method using Universal encoder model features,False,caption_candidate_not_pdf_table_cells_or_gold
